first_peak,last_peak,gradient,first_peak_2,last_peak_2,Gradient_2,_mean,variance,skewness,Variance_2,Skewness_2,direction,,,,,,,,
1,0,-0.476379320248649,1,1,0.002398599554481,2.55236679812167,0.259368870750379,0.157512651528422,0.212831226975333,0.287770580014357,right,,,,,,,,
1,1,0.234216076766127,1,1,0.000469592433973,2.55238864046596,0.257139498407084,0.169293928305701,0.210054926036144,0.302897978250085,left,,,,,,,,
0,0,-0.157553891108676,1,1,0.318979388579432,2.54050459967237,0.475758614700831,-0.403081215857606,0.388502505538974,0.214731886742707,right,,,,,,,,
1,0,-0.345426688109388,1,1,-0.226991367976144,2.51455900591259,0.32783165247799,0.378220323417476,0.373113159498806,-0.258547358800854,right,,,,,,,,
0,1,0.230133486519133,1,1,0.035372365778183,2.51742774946122,0.266484489072721,0.410754198220995,0.363119455785454,0.163363330100902,left,,,,,,,,
1,0,-0.190590482276547,1,0,-0.101164251785205,2.51538332827412,0.263855960973483,0.396613881049735,0.361187254980323,0.008205864176832,right,,,,,,,,
1,0,-0.156725979368269,1,0,-0.742998821083091,2.50988151055694,0.346057157533916,0.297696345637039,0.404896056491362,0.019661727584286,right,,,,,,,,
0,0,0.146152075651987,1,1,0.04741071360185,2.51052186636371,0.30630270198256,0.392522056893453,0.414562912168055,0.325621278566099,left,,,,,,,,
1,0,-0.198214533644836,1,1,-0.040504093551438,2.50811031953825,0.31500899858667,0.39308233992602,0.415141495058434,0.180944323023129,right,,,,,,,,
1,1,0.007740365784779,1,1,0.01088469903184,2.50958620119649,0.312058429462139,0.318849501894054,0.412645276766053,0.248313830920465,left,,,,,,,,
1,0,-0.187100313350805,1,0,-0.053888091188138,2.50906139265662,0.3048255662734,0.31118020332453,0.403184888633685,0.161822405478001,right,,,,,,,,
1,0,-0.266431319700172,1,1,0.012210478309569,2.50501354057635,0.306281930362849,0.333661497075597,0.421909140635931,0.200243093705227,left,,,,,,,,
1,0,-0.365536695941433,1,0,-0.040213699890903,2.50894720982265,0.303440714657081,0.313444387724534,0.415209343398363,0.137979453092634,right,,,,,,,,
0,1,0.302096199367347,1,1,0.007045791540933,2.50925508318618,0.289820151099371,0.323081728291293,0.403586564709675,0.187144277937136,left,,,,,,,,
1,0,-0.206532937004773,1,0,-0.02973207666774,2.50853191719495,0.292245272725309,0.313066625446744,0.400735595938037,0.174879424166225,right,,,,,,,,
0,0,0.124743179632524,1,1,0.004190459338459,2.50879940622584,0.285356288772945,0.317872114110635,0.394534815470201,0.200520287404327,left,,,,,,,,
1,0,-0.187616059420687,1,0,-0.023258306504713,2.50822906792844,0.283919026720104,0.333637522379734,0.393823934555751,0.160874602189475,right,,,,,,,,
0,1,0.270207545037554,1,1,0.004593658377336,2.50859882828803,0.276548251658531,0.343645166495584,0.387936128922762,0.202000058810694,left,,,,,,,,
1,0,-0.250331597224133,1,1,-0.00769857751453,2.50785747119268,0.275444005004554,0.335020489207652,0.387830520880472,0.156631840343848,right,,,,,,,,
0,0,0.181468796717332,1,1,0.003230096868505,2.50661856243947,0.273182161309687,0.355734438367014,0.39019278597786,0.178355891355247,left,,,,,,,,
1,0,-0.301064171646039,1,0,-0.016825678948524,2.50813465972616,0.275845486697723,0.343805953799783,0.392075831576819,0.164096321841303,right,,,,,,,,
0,1,0.289993297211754,1,1,0.00290788990969,2.50862711082952,0.274250639448094,0.333787623973576,0.391651957227804,0.181313625583935,left,,,,,,,,
1,0,-0.17898100283244,1,1,-0.005655976802571,2.50807196997905,0.276341505408077,0.32044265560579,0.390816596677569,0.162437331275908,right,,,,,,,,
0,1,0.291042271347156,1,1,0.002884728453447,2.50815605559266,0.272579999254298,0.330448315564965,0.387274644461595,0.180141801918826,left,,,,,,,,
1,0,-0.191161696969665,1,0,-0.013038920251638,2.50772640220937,0.274052726228385,0.323060385108944,0.388934001591875,0.153433341414271,right,,,,,,,,
0,1,0.27121792162843,1,1,0.003004545796328,2.5079974152413,0.269236841302535,0.332227059349149,0.384897291617775,0.179410503168511,left,,,,,,,,
1,0,-0.17753425362765,1,1,-0.004647253450473,2.5075976808889,0.268117016215255,0.321490947820261,0.381298263759157,0.163350325005658,right,,,,,,,,
0,1,0.20609720537581,1,0,-0.010907563912369,2.5076847053891,0.263583009231316,0.332960886482706,0.379421689074133,0.191426306272328,left,,,,,,,,
1,0,-0.185925478470879,1,0,-0.010248716890271,2.50734660080211,0.262938106925911,0.329561064868614,0.377845354333349,0.175822535801213,right,,,,,,,,
0,0,0.147583965744886,1,1,0.001739392490156,2.5063668364276,0.261794898723136,0.347650255694012,0.377320080455244,0.185322106339641,left,,,,,,,,
1,0,-0.230028117152635,1,0,-0.009406332493099,2.50727761259413,0.258620190237007,0.34849573377701,0.372973994824375,0.175627373466278,right,,,,,,,,
0,0,0.28634646569077,1,1,0.002164911244429,2.50734658630245,0.257936526263285,0.352443891204694,0.372567987810357,0.19499640706394,left,,,,,,,,
1,0,-0.161087818760515,1,0,-0.009086844985211,2.50716262116609,0.258642222395043,0.361227862839486,0.371548476064011,0.182969315065706,right,,,,,,,,
0,0,0.179845864366572,1,1,0.001851725538479,2.50639991761595,0.257842009805071,0.373347530535227,0.371635507926757,0.195979848060841,left,,,,,,,,
1,0,-0.186764589453133,1,0,-0.007726856616246,2.50718587581568,0.256134700478937,0.360078230652702,0.369501586652919,0.181707940988259,right,,,,,,,,
0,0,0.217523700463288,1,1,0.001848810005008,2.50649778964215,0.25733122949244,0.369055584748614,0.372004933228326,0.194338097058298,left,,,,,,,,
1,0,-0.330495110814471,1,0,-0.007615903971285,2.50725150210728,0.258672838080022,0.358921131323069,0.371941263964954,0.182560198436201,right,,,,,,,,
1,0,-0.214628993295743,1,1,-0.221009645949493,2.49986513857221,0.345873341465432,0.401035702886055,0.424166335465551,-0.316790214996579,right,,,,,,,,
1,1,-0.028618726766638,1,1,0.032797717027915,2.50529161247545,0.331371814886346,0.390385808347609,0.429697809256095,0.13932243744287,left,,,,,,,,
1,0,-0.246158821380452,1,1,-0.042849304845762,2.50239352802511,0.340947625018656,0.360117019802307,0.429156552097804,0.000844451327322,right,,,,,,,,
1,1,-0.015933756874091,1,1,0.004660174010624,2.50387231678774,0.323175587291746,0.383669496810206,0.399776055346287,0.10209256898581,left,,,,,,,,
1,0,-0.161026771781954,1,0,-0.056997120377502,2.50156247684881,0.30684458321616,0.408096777732278,0.40459970644959,-0.021059142530434,right,,,,,,,,
0,1,0.270924529386476,1,1,0.004774833330922,2.50275357993149,0.287895204857558,0.418001667401515,0.388168756935703,0.071058802745362,left,,,,,,,,
1,0,-0.190923357188607,1,0,-0.038563293441429,2.50161606506233,0.28391125392967,0.397397282623777,0.387763558985175,0.002328650630639,right,,,,,,,,
0,0,0.168323945442974,1,1,0.003759090724852,2.49975079407004,0.27261381573883,0.418043250375875,0.381470630379125,0.068903396080759,left,,,,,,,,
1,0,-0.192886398357738,1,0,-0.029719198560978,2.50199009135723,0.269070644338155,0.392377141244649,0.378110002128802,0.035364765362173,right,,,,,,,,
0,0,0.123388911912693,1,1,0.00168913946423,2.50249700300879,0.26355491830829,0.410760245285132,0.371038876247007,0.083996654585524,left,,,,,,,,
1,0,-0.187622122103594,1,0,-0.023493355612999,2.50197517477316,0.260129372530506,0.400290958112481,0.367675162669112,0.051456035938472,right,,,,,,,,
0,1,0.251414380402038,1,1,0.003552882181837,2.50220092987762,0.25290333871673,0.404574087626003,0.363595570729146,0.123851157150896,left,,,,,,,,
1,0,-0.21789510608847,1,1,-0.008075858742034,2.50197306457098,0.261769375679546,0.361762990183821,0.368186550164811,0.058652494464437,right,,,,,,,,
0,1,0.28878968005385,1,1,0.001850742338303,2.50234448488293,0.259628835045555,0.376694362346607,0.365090205030868,0.094932296817435,left,,,,,,,,
1,0,-0.19531747250967,1,1,-0.007084207214096,2.50172175459675,0.263810670349927,0.370179955793557,0.369781184824753,0.069060699062137,right,,,,,,,,
0,1,0.298986561663148,1,1,0.002591998470531,2.50221807968721,0.261848470102736,0.383976489364456,0.368782730120174,0.103404742699528,left,,,,,,,,
1,0,-0.313130829904399,1,1,-0.006330092180387,2.5017219814554,0.262129568139527,0.401805319084318,0.364779477460011,0.087753245865973,right,,,,,,,,
0,1,0.361383883849509,1,0,-0.015958010549063,2.50200463927133,0.262717326884347,0.392695200859127,0.367586605843588,0.120361224065681,left,,,,,,,,
1,0,-0.179230180252,1,0,-0.012501120603226,2.50141135142535,0.257413207303461,0.39392645194908,0.359647034259268,0.106155342994079,right,,,,,,,,
0,1,0.298279803169372,1,1,0.001738197325416,2.50173476819264,0.255969932615287,0.405353202543058,0.357589151832949,0.136619425069485,left,,,,,,,,
1,0,-0.341496885873493,1,1,-0.004952106592859,2.50152249516358,0.258332868222402,0.395593755910555,0.362297130864585,0.075324207306218,right,,,,,,,,
0,1,0.222018039898554,1,1,0.002180486530125,2.50167091228358,0.257088472340161,0.40635314613931,0.362003626150829,0.099287791974388,left,,,,,,,,
1,0,-0.34641207488902,1,1,-0.004567016049343,2.5012809623193,0.258559826540616,0.401086223736436,0.36340118918874,0.072998516139525,right,,,,,,,,
0,1,0.284773940100684,1,1,0.001434576240561,2.5014011846303,0.257194513520603,0.407934614135139,0.362431071970941,0.091369585839457,left,,,,,,,,
1,0,-0.200017225978444,1,1,-0.00419031873535,2.50114574069698,0.259617629892585,0.401433882426319,0.364586403924131,0.071380508567441,right,,,,,,,,
0,0,0.184392067033122,1,0,-0.00936205560996,2.50035427281547,0.259083798385107,0.414520701913334,0.366882376153668,0.088489924189619,left,,,,,,,,
1,0,-0.208764016260214,1,1,-0.003909036928504,2.5012350727843,0.261556401076365,0.396423271666802,0.367530954855739,0.084661704573624,right,,,,,,,,
0,1,0.234848265836458,1,1,0.001113286206781,2.50144668071994,0.258185358196835,0.405624113701474,0.365089376713919,0.104026138151585,left,,,,,,,,
1,0,-0.206049362765689,1,0,-0.00820824036051,2.50109969568026,0.259301951549669,0.388606182427345,0.364444904737755,0.090042965047743,right,,,,,,,,
0,0,0.146547895031296,1,0,-0.007075920753057,2.5005039880815,0.257818691216561,0.397390181993284,0.364349203131361,0.105931190463231,left,,,,,,,,
1,0,-0.182660831716374,1,0,-0.007878393804145,2.50113687459462,0.257725432947682,0.382131105371533,0.362369349981603,0.098470777184454,right,,,,,,,,
0,1,0.382271358286544,1,1,0.000837062770044,2.50134162437647,0.258008016035411,0.372594910928971,0.362526379097645,0.116195886899675,left,,,,,,,,
1,0,-0.260823058903019,1,0,-0.006996749223103,2.50125561362798,0.257090004204846,0.364294860045667,0.361423199300506,0.104942973473183,right,,,,,,,,
0,0,0.145697699439177,1,1,0.000266611022729,2.50064447535462,0.255903065340014,0.372995614676489,0.360496398827732,0.110460630735949,left,,,,,,,,
1,0,-0.187836756671216,1,0,-0.006624194948859,2.50139340758181,0.254390482648454,0.362291126393501,0.360167726101712,0.095088581456345,right,,,,,,,,
0,0,0.096623150207424,1,1,0.000999380438394,2.50092315997975,0.252742608704152,0.367625994120579,0.360704126416634,0.106690541278478,left,,,,,,,,
1,0,-0.166840753899899,1,1,-0.002827218562018,2.50145432728891,0.250341466344374,0.35612580905986,0.360878058181736,0.086621419754953,right,,,,,,,,
0,1,0.32545161732941,1,1,0.000329332931719,2.50164899976036,0.250526481627586,0.351365028374277,0.359957792648694,0.098458960302759,left,,,,,,,,
1,0,-0.358931185776938,1,0,-0.734852839756714,2.49651014137947,0.40858201036475,0.072976075788816,0.405894226596072,-0.216391281436991,right,,,,,,,,
1,1,0.005498373244953,1,1,0.049114747796522,2.5007940316639,0.35172577741962,0.264416068691173,0.422626916997203,0.206447631757413,left,,,,,,,,
1,0,-0.193211543890735,1,1,-0.036135025394089,2.49736167797059,0.322229045926105,0.232050177262758,0.395377437408336,0.047274780034597,right,,,,,,,,
0,1,0.354307914688852,1,1,0.007963314048091,2.49874068439804,0.306807894880194,0.202645281002377,0.378603655887792,0.146373269384518,left,,,,,,,,
1,0,-0.228757628354703,1,0,-0.052691463361426,2.49690962911922,0.304021012131347,0.172037669088356,0.374782155213294,0.064891270322303,right,,,,,,,,
0,0,0.122134646452736,1,0,-0.037412569868588,2.49785172621987,0.292223557550938,0.239191521420979,0.37189132046451,0.160948034393823,left,,,,,,,,
1,0,-0.150901616274567,1,0,-0.033582817229331,2.49698039700335,0.277779504801546,0.236132320233152,0.360311218992061,0.092300045945496,right,,,,,,,,
0,0,0.153480080328449,1,0,-0.032400469702852,2.49763447951114,0.270929748132081,0.283170353737813,0.355729029388864,0.165630960268103,left,,,,,,,,
1,0,-0.155861232788041,1,0,-0.025014972851197,2.49731443682544,0.263225427534451,0.273003271469104,0.347278848585485,0.118023315788804,right,,,,,,,,
0,0,0.081356788587366,1,1,0.004603203773023,2.49718841795085,0.257503905026264,0.328924445522013,0.343169964183736,0.166152687444938,left,,,,,,,,
1,0,-0.176381858194951,1,1,-0.0086594149753,2.49704338260684,0.2532005125924,0.310542776756315,0.336476249699544,0.128295080359491,right,,,,,,,,
1,0,-0.256171044596165,1,1,0.003697713983616,2.49745727258531,0.251063123132975,0.333594922878237,0.335209420009094,0.181022295317919,left,,,,,,,,
1,0,-0.156016072272299,1,1,-0.007190797985306,2.49672046516932,0.248310635136877,0.327339447243701,0.330448247860308,0.141547819661387,right,,,,,,,,
0,0,0.074511228845743,1,0,-0.014696996458351,2.49693061869475,0.241896337456018,0.352877168402739,0.327676182860856,0.179881536901992,left,,,,,,,,
1,0,-0.153522600125751,1,0,-0.015859324814464,2.49659105209538,0.241491123462466,0.355737380140826,0.324299618814602,0.148930671463103,right,,,,,,,,
1,0,-0.212913492199766,1,1,0.001502909072197,2.49705391010202,0.237841148607012,0.362823504642328,0.319533672626982,0.181868259946086,left,,,,,,,,
1,0,-0.297125405624978,1,0,-0.013876807521678,2.49647614998208,0.23682678508783,0.369787935407085,0.318011667974478,0.14862553216783,right,,,,,,,,
0,0,0.119616320844644,1,1,0.001325946686536,2.49688548187647,0.234544556826197,0.389773170865155,0.313978007271073,0.174799846336538,left,,,,,,,,
1,0,-0.153780991063126,1,0,-0.010938964243173,2.49640707433166,0.2310809282937,0.371846187564314,0.310066402430644,0.141139983910915,right,,,,,,,,
0,0,0.133349777342122,1,1,0.001515782685198,2.49637540710582,0.230197757660422,0.393453020931355,0.309048881582139,0.165999758294868,left,,,,,,,,
1,0,-0.186957963883801,1,0,-0.011009884111126,2.49632433460136,0.234601259268946,0.375736941047392,0.31293686866271,0.145512071241837,right,,,,,,,,
0,1,0.322778305774459,1,1,0.001075412493582,2.49670263442829,0.234154959341542,0.36707634358597,0.311207686426126,0.162207923159293,left,,,,,,,,
1,0,-0.184565408592685,1,0,-0.00947035570208,2.49622886926791,0.233873602941871,0.357132383807818,0.30923932568688,0.1425687988712,right,,,,,,,,
0,0,0.216834963174031,1,1,0.001356780459626,2.49651740563892,0.234432373106647,0.353157143409781,0.310099034238258,0.164235786714572,left,,,,,,,,
1,0,-0.17023431364077,1,0,-0.008173032534919,2.49622898282793,0.232331863347962,0.344210509087914,0.308591714844705,0.142891269658146,right,,,,,,,,
1,1,-0.024868145974109,1,1,0.001211698510067,2.4964573802119,0.234793565604612,0.337641115812647,0.311029227687997,0.164648373970287,left,,,,,,,,
1,0,-0.17623297436932,1,0,-0.008127759177368,2.4961048794236,0.235772053964516,0.326223215854857,0.311042905680024,0.152506535016228,right,,,,,,,,
0,0,0.127492455731261,1,0,-0.007141947240614,2.49639426415359,0.234457790519549,0.336806154797948,0.312039419234571,0.17566149386073,left,,,,,,,,
1,0,-0.180778298244269,1,0,-0.007562328463355,2.49625949069503,0.233867518390497,0.336567166795755,0.312574725706049,0.157850922690143,right,,,,,,,,
0,0,0.131972043852614,1,1,0.001037480665499,2.49570377170836,0.232052675820792,0.34213945833121,0.312266064735319,0.17360378088876,left,,,,,,,,
1,0,-0.152487139837436,1,0,-0.007203223460296,2.49654574441798,0.231018433981742,0.337750650313934,0.312390753518206,0.157963685655212,right,,,,,,,,
0,0,0.052073610640751,1,1,0.000828792511768,2.49602328789939,0.23060492586653,0.352602795686187,0.312157283984929,0.168572500784156,left,,,,,,,,
1,0,-0.159002544260761,1,0,-0.006852742576365,2.49671883632858,0.229945899523822,0.346870955261462,0.310718836695938,0.156372174194448,right,,,,,,,,
0,0,0.113171609955447,1,1,0.000139316662115,2.49625066046703,0.228650892391274,0.356510393902932,0.308440792531113,0.163978507779019,left,,,,,,,,
1,0,-0.221065658713346,1,1,-0.002562215406957,2.49687920280239,0.229728037750581,0.351979886592698,0.310296653729278,0.148811075338294,right,,,,,,,,
0,1,0.245881912321772,1,1,0.000526471996331,2.49698023916524,0.229383681979335,0.358593178442716,0.308974237302624,0.157658051817083,left,,,,,,,,
1,0,-0.197091641933883,1,1,-0.002414967528546,2.49678629017382,0.228718062871442,0.354301965230059,0.308589383263869,0.141117560341248,right,,,,,,,,
1,0,-0.342941347876752,1,1,-0.212109257604091,2.4962205068942,0.361130749218075,0.534791870550715,0.468888271258632,-0.198272375832881,right,right----,,,,,,,
0,1,0.295541385888332,1,1,0.031892578184756,2.49797975161299,0.310639703050072,0.604235869894659,0.426175759039721,0.113951924586685,left,left,,,,,,,
1,0,-0.228184449471312,1,0,-0.102727542428133,2.49597827548274,0.298141571731718,0.482858949143483,0.400752181755921,-0.047857794866987,right,right,,,,,,,
0,1,0.255396715505655,1,1,0.003986294916426,2.49736552587655,0.296580633633589,0.520066963795867,0.391275201763568,0.017657903035036,left,left,,,,,,,
1,0,-0.240520077360985,1,0,-0.055948327495869,2.49578594699775,0.293442915777826,0.473540621679652,0.385883753366436,-0.015733320721112,right,right,,,,,,,
0,1,0.25338642249144,1,1,0.000811649726982,2.49683496699537,0.285147082935536,0.508648788519335,0.371202756544687,0.034459109703554,left,left,,,,,,,
1,0,-0.179331402830925,1,0,-0.038474198824339,2.49575010311799,0.285424032914255,0.47428908197884,0.372318977304655,-0.011969353470849,right,right,,,,,,,
0,0,0.127795595076354,1,1,0.002728381348294,2.49632611341627,0.283595428846125,0.479131663518078,0.370307606667352,0.045164013000197,left,left,,,,,,,
1,0,-0.316676580096877,1,0,-0.028823530657442,2.49536886053781,0.284040311814179,0.462900022375041,0.368530334120134,0.022396407785583,right,right,,,,,,,
0,1,0.238837894368238,1,1,0.001412316198999,2.4960548548046,0.278717706133146,0.47740246144262,0.362365141366872,0.049283951702286,left,left,,,,,,,
1,0,-0.204709573999616,1,0,-0.022853831620808,2.49553435020468,0.276025810679739,0.454388991814571,0.357934842701054,0.029430991561468,right,right,,,,,,,
0,1,0.220527709180789,1,1,-0.002929373503577,2.49591613879483,0.265078025264069,0.432058617644551,0.33663250846936,0.041297890794981,left,left,,,,,,,
1,1,0.04355241021984,1,1,-0.005689132082028,2.49543616814675,0.252538110662844,0.422119959927573,0.31864354536602,0.043553575838804,right,left,,,,,,,
0,0,0.00106780124458,1,1,-0.00341214747227,2.49568443854694,0.242282360487584,0.411646404700009,0.300186404510006,0.049956777655056,left,left,,,,,,,
1,0,-0.160889320296679,1,0,-0.013840278056745,2.49526894764058,0.23536164926632,0.394024470887289,0.29251616738228,0.031396608203213,right,right,,,,,,,
0,1,0.302186941216422,1,1,0.00096576907222,2.4955084306996,0.233200433625815,0.395924169572446,0.291700513967238,0.062741841097064,left,left,,,,,,,
1,0,-0.143330087129649,1,0,-0.012692544573299,2.49520787345747,0.227524656313272,0.377699048865131,0.282597800210802,0.060083254151126,right,right,,,,,,,
0,1,0.213937959958005,1,1,-0.001941543689609,2.49554768652013,0.223208210409051,0.364098206942831,0.27306719849782,0.070130422025838,left,left,,,,,,,
1,0,-0.14370988478325,1,1,-0.00313673848434,2.49503453255112,0.217873980119059,0.353855760936821,0.2663911879478,0.068727356767215,right,right,,,,,,,
0,1,0.193942992901927,1,1,-0.000619845717249,2.49554447075228,0.214372469986399,0.350347301028899,0.260087387683641,0.087944974967594,left,left,,,,,,,
1,0,-0.260775249684881,1,0,-0.011943980405421,2.4955021102673,0.220513351243369,0.345111530854084,0.270285464788272,0.051485993212408,right,right,,,,,,,
0,0,0.023806597521436,1,1,-0.001833069814732,2.49570027397231,0.215359789049615,0.339000872161634,0.261618249619989,0.055333453688294,left,left,,,,,,,
1,0,-0.153843174694884,1,1,-0.003635447056527,2.49541364696018,0.209942901616683,0.333894049537351,0.25461221046205,0.054373332790981,right,right,,,,,,,
0,0,0.078384571198334,1,1,0.000432158733524,2.49550623687513,0.207338975831766,0.339661309862484,0.252675123581473,0.079372454608056,left,left,,,,,,,
1,1,0.10214531860974,1,1,-0.002690238347734,2.49536761956258,0.204326377346467,0.330278942398099,0.248459041330474,0.079002283800292,right,left,,,,,,,
0,1,0.322515918461998,1,1,0.000648375243796,2.49567469335142,0.203101801755824,0.330364734586812,0.248402048241625,0.11053820001292,left,left,,,,,,,
0,0,0.148810509037838,1,0,-0.007653272993845,2.49561288239763,0.200800914535183,0.321051119964598,0.246807116681572,0.101595089849306,right,left,,,,,,,
0,0,0.138242312461231,1,1,0.000516533662295,2.49565094577566,0.199493416656137,0.338331341435741,0.246816329264867,0.126618255056141,left,left,,,,,,,
1,0,-0.228699308704302,1,0,-0.008147673265225,2.49547321952916,0.200849697946819,0.337429814252859,0.249701665894566,0.109050876814073,right,right,,,,,,,
0,0,0.071937868287889,1,1,-3.11009601261524E-05,2.49571342370064,0.199411762770683,0.343246667111755,0.247927587977897,0.11893752337611,left,left,,,,,,,
1,0,-0.189625044770569,1,0,-0.007824474845583,2.49569696812707,0.201500782842735,0.354613355531092,0.252886061084034,0.095333921522681,right,right,,,,,,,
0,1,0.265018386434625,1,1,0.000277292025419,2.49588084115018,0.200512182290062,0.361498375884296,0.25242828982918,0.108911512631799,left,left,,,,,,,
1,0,-0.18531738418492,1,1,-0.003011543175781,2.49568006494771,0.199607187113877,0.362072212071425,0.252362460616061,0.093532775399904,right,right,,,,,,,
0,1,0.244229353960444,1,1,0.000327123890205,2.49588911041206,0.199294306197292,0.373946833527152,0.25200793138173,0.108759880808838,left,left,,,,,,,
1,0,-0.137571207243495,1,0,-0.006006853447263,2.4957790112401,0.197693890222649,0.364879271083482,0.250364198324106,0.099619606981678,right,right,,,,,,,
0,0,0.05729595753921,1,1,-7.6356111892082E-05,2.4958666833235,0.196897866964717,0.352962415773541,0.249210075299905,0.105051083411842,left,left,,,,,,,
first_peak,last_peak,gradient,first_peak_2,last_peak_2,Gradient_2,second_peak,second_peak_2,variance,skewness,Variance_2,Skewness_2,direction,,,,,,,
1,1,-0.038875161925448,0,1,0.220910514605066,1,1,0.11271352632584,-1.29918007947039,0.228773725209339,-0.358457682978746,right,,,,,,,
1,1,-0.064062993177077,0,0,0.065431375654209,1,0,0.092968460569537,-0.803159461922431,0.14070839335268,-0.065096350243395,left,,,,,,,
1,1,0.073344682703136,0,0,-0.031954747632812,1,1,0.096960603727959,-0.463735386459768,0.144214475436477,-0.149153276918906,right,,,,,,,
1,0,-0.176089115491029,1,0,-0.250906168412709,1,0,0.110175332325035,-0.232669290986446,0.141436313827853,-0.005009724360961,left,,,,,,,
1,0,-0.181346809205852,1,1,-0.196931137987533,1,0,0.137080147394994,0.065609266107791,0.173559302999343,-0.034634021382287,right,,,,,,,
0,1,0.245129972577258,1,1,0.23014061772422,0,1,0.142394158589624,0.164441092210419,0.183904022579798,0.085127826028999,left,,,,,,,
1,0,-0.126684331439373,0,0,-0.007278253800965,1,0,0.15054074123492,0.15726900476258,0.193007620685498,0.095004537707786,right,,,,,,,
0,1,0.249858654701492,1,0,-1.55161282405189,1,0,0.147568200028725,0.179384157868085,0.189447556023736,0.179641704955396,left,,,,,,,
1,1,0.133004029952393,1,0,-0.42214758664857,1,0,0.142179031278419,0.19095662803661,0.186250507275039,0.134578253114476,right,,,,,,,
0,0,0.005548797596177,1,0,-0.160686539768351,0,1,0.134112913940036,0.192757338465371,0.177348927842248,0.171057448104923,left,,,,,,,
1,1,0.020110257846074,0,0,-0.010408044377008,0,1,0.125943479840268,0.180184445553985,0.166995266113841,0.171749544533581,right,,,,,,,
0,0,0.011866308500604,1,0,-0.160583832150461,0,1,0.122698380652305,0.174389316109182,0.160776869159539,0.20035190984778,left,,,,,,,
1,0,-0.118693111448422,0,0,-0.116833398535777,1,1,0.242064846120727,0.361802900744443,0.279531672090254,0.403324685106773,right,,,,,,,
1,0,-0.130047276735054,0,0,-0.113198028969581,1,1,0.169849980750803,0.309676564007261,0.230748294837217,-0.176430795219012,right,,,,,,,
0,0,0.121633707127622,1,1,0.20629722793668,1,0,0.142673135043387,0.71385406915857,0.208847038728593,0.133103351722649,left,,,,,,,
1,0,-0.220749249293366,0,0,-0.069189891897264,0,1,0.157551247924104,0.3431028952163,0.204519694873651,0.173426496224842,right,,,,,,,
0,0,0.283808137134104,1,1,0.010768091631941,0,0,0.180003197692825,0.67151487392862,0.212621297138604,0.021750477452059,left,,,,,,,
1,1,0.181718406717035,0,0,0.098124235311777,1,1,0.174551852338169,0.566985054052747,0.205659575282346,0.123098125358149,right,,,,,,,
0,0,0.091825536156102,1,1,0.090022009846412,0,1,0.16571812007924,0.633805481351746,0.197573020256984,0.083409874770763,left,,,,,,,
1,0,-0.209934654410582,0,0,-0.091786048057163,1,1,0.163077031081202,0.583749628998767,0.196154422682006,0.07767311010807,right,,,,,,,
0,0,0.084440748396797,1,1,0.075956989600521,0,1,0.159313535948559,0.635886759983937,0.187127792754198,0.071979126886109,left,,,,,,,
1,1,0.142503277738254,0,0,-0.007788370434959,1,1,0.162958031601028,0.555333817706949,0.194910982505449,0.133516119590971,right,,,,,,,
1,0,-0.140576772998454,1,1,0.06070301516,0,0,0.160290034973253,0.56959653320449,0.193131977069156,0.122680880315766,left,,,,,,,
0,1,0.868887192840985,0,0,0.185433144833075,1,1,0.161548295516509,0.533680494312815,0.195782793971455,0.105938103975903,right,,,,,,,
0,0,0.162697378141015,1,0,-0.289776914117754,1,0,0.162174292133965,0.595982333689418,0.191358314001198,0.085122014397293,left,,,,,,,
1,1,0.205192416799684,1,0,-0.537593647337031,1,0,0.162111088752882,0.580119145262424,0.191927086070336,0.077669029624317,right,,,,,,,
0,0,0.15535750227466,1,1,0.018948501250821,1,0,0.15959674666005,0.620481688712381,0.187973976374915,0.049134155844303,left,,,,,,,
1,0,-0.197725249539965,0,0,0.113551029984298,0,1,0.161033297840507,0.60427756314531,0.189968046602032,0.072933849164447,right,,,,,,,
0,1,0.682296265107308,1,0,-0.542300776000777,1,0,0.176442030254204,0.373383506797295,0.202048113513505,-0.020113538165438,left,,,,,,,
1,0,-0.189849402610947,0,0,-0.192491379974214,1,1,0.196380338067961,0.255746749627592,0.216566249132214,0.193059245671643,right,,,,,,,
0,0,0.102878082084212,1,1,0.190227387310481,1,0,0.197133167563349,0.279960916699505,0.220113282426874,0.195519024279651,left,,,,,,,
1,0,-0.243563096377105,1,0,-0.602645126514048,0,0,0.198809346816999,0.258999146364923,0.220516242264507,0.188992986886901,right,,,,,,,
0,1,0.407638505938867,1,0,-0.383818773599832,1,0,0.202043251379761,0.239806938770834,0.225151861603695,0.178240685659807,left,,,,,,,
1,0,-0.291173699466925,0,0,-0.148765420272189,0,0,0.207968450904338,0.211562890365244,0.228127488270818,0.205382968327752,right,,,,,,,
1,0,-0.255089284013845,1,1,0.085767304603241,0,0,0.210872326053686,0.208367983384936,0.231490937204413,0.217154310635871,left,,,,,,,
1,0,-0.150731724559763,0,0,-0.182193363262779,1,0,0.21543538736464,0.201666830722182,0.234128544733492,0.233506956988989,right,,,,,,,
1,0,-0.288536302948716,0,0,-0.181121794908791,0,0,0.385742318794853,0.394416320073128,0.404428174835376,0.465663757394406,right,,,,,,,
1,0,-0.249100525199218,1,0,-1.54311660919619,0,0,0.329208685590101,0.378252572795441,0.366685349756894,0.367571179823087,left,,,,,,,
1,0,-0.269079504516468,1,0,-0.611290732011076,0,0,0.298575002304884,0.406896253824767,0.320189040222958,0.413173160639691,right,,,,,,,
1,1,-0.016779910411659,1,0,-0.398050916201847,0,0,0.2931980980867,0.271740033711519,0.32146195412118,0.348757048234682,left,,,,,,,
1,0,-0.363043376449082,0,0,-0.136698947062964,0,1,0.28645172768321,0.359565452523353,0.298922185152071,0.3576849942817,right,,,,,,,
0,1,0.360647353608553,1,1,-0.293807517732739,0,0,0.273836679009487,0.302820130988103,0.289742561211863,0.31083099574488,left,,,,,,,
1,0,-0.234046818270119,0,0,-0.117656368748717,0,0,0.268279359863624,0.336772132174512,0.283467525421628,0.33219081362297,right,,,,,,,
0,0,0.235560187853096,1,1,-0.099626906402993,1,0,0.259984384987166,0.336519009002475,0.274136229418087,0.306826474891791,left,,,,,,,
1,0,-0.232018938833871,0,0,-0.12460719544838,0,1,0.255101447443635,0.317152780449775,0.267454710343313,0.327924173036236,right,,,,,,,
1,0,-0.184059041962922,1,1,0.041673866594978,1,1,0.2496111734531,0.320486787685634,0.262136882291537,0.328365060386155,left,,,,,,,
1,1,0.209679784524384,0,0,0.188604790877173,1,1,0.239410250901661,0.316220481994303,0.253484249740757,0.320513403317665,right,,,,,,,
0,0,0.204217129961667,1,1,0.082311752780547,1,0,0.233700642038625,0.336552816506404,0.247567440379215,0.316349240443457,left,,,,,,,
1,0,-0.244779518321424,1,0,-0.550781119957614,0,1,0.228317385941408,0.324140511859443,0.243626440922647,0.316468999805277,right,,,,,,,
0,0,0.156702380851592,1,1,-0.036114189626729,1,0,0.220448591329057,0.350473445210808,0.235159989280313,0.285626604493569,left,,,,,,,
1,0,-0.150151766789687,0,0,-0.115840577686232,1,1,0.22429364614969,0.32986379288015,0.237019864749017,0.286554709210619,right,,,,,,,
1,0,-0.313469856799623,1,0,-0.479685607733839,0,0,0.236407560570355,0.312292439181116,0.248393394454166,0.24208535263214,left,,,,,,,
1,0,-0.203859660036106,0,0,-0.058074618578786,1,1,0.241794656056574,0.317085468517674,0.25164390280205,0.243816818180989,right,,,,,,,
0,0,0.205929591263109,1,1,0.026406037955165,1,0,0.238857169795052,0.322141156965761,0.249155236974015,0.238788985282399,left,,,,,,,
1,0,-0.162946628156174,0,0,0.206424547853337,1,1,0.236580761282957,0.305804312741481,0.24829507311657,0.244495661908057,right,,,,,,,
0,0,0.075271467168562,1,1,0.303779167391412,0,0,0.233886067716486,0.320098504528565,0.249649937330571,0.252499912320582,left,,,,,,,
1,0,-0.243638646138465,1,0,-0.575854785652663,0,1,0.234592018584809,0.310560792356304,0.248777398292637,0.257522529903716,right,,,,,,,
0,0,0.097122913518377,1,1,0.223315286957047,1,1,0.231466351946131,0.321651928688163,0.247337234102545,0.255675503328959,left,,,,,,,
1,0,-0.208219802790852,0,0,-0.105970330300216,0,1,0.230220546532972,0.314625796246295,0.244987619136239,0.257361777711151,right,,,,,,,
1,0,-0.27169902168804,0,1,0.097634969577435,0,0,0.202991714029405,0.15341944947175,0.283168517454146,-0.188043336088672,right,,,,,,,
0,0,0.089849318720566,1,1,0.066768498630303,0,1,0.211646618656935,0.71000944420347,0.290071614677867,-0.335114316476118,left,,,,,,,
0,0,0.119001415981197,0,1,0.424566700255256,1,0,0.200784847847326,0.493026531595334,0.3301836073403,-0.052106075565582,right,,,,,,,
1,0,-0.168455904862949,0,0,0.010644944351633,0,0,0.19367936730931,0.721797406243708,0.311186815137197,-0.13627838609428,left,,,,,,,
1,0,-0.195361904905977,1,1,-0.011534461266813,1,1,0.227829718128645,0.531963361966955,0.345017195095749,-0.045560450742596,right,,,,,,,
0,0,0.012114572464742,1,0,-0.13179639359761,0,1,0.220896581740505,0.575014271436965,0.328178612349329,-0.06296513394096,left,,,,,,,
1,0,-0.134049775438785,1,1,0.007104585348381,1,0,0.207303361780931,0.514442579096182,0.314599770496399,-0.094988432987721,right,,,,,,,
0,0,-0.003200820306053,0,0,-0.007790897672862,0,0,0.206649890295867,0.60441568231263,0.305555397030734,-0.132525628444718,left,,,,,,,
1,0,-0.1631532376422,0,1,0.135057330827235,1,0,0.19892378458269,0.593281669800451,0.297681209727623,-0.143747772914414,right,,,,,,,
0,0,-0.016160071816473,0,0,-0.022059160019619,0,0,0.196136969695038,0.64870120400603,0.290448694670772,-0.145819268404586,left,,,,,,,
1,0,-0.143961115326441,0,1,0.101756700030698,1,0,0.194719626155238,0.601493630053181,0.285441498240452,-0.138027243605609,right,,,,,,,
1,0,-0.620454416271659,1,0,-0.188242560903696,1,1,0.19009786824364,0.637549327566731,0.281912266246776,-0.139597663913118,left,,,,,,,
1,0,-0.327862097747865,1,1,0.027481269787187,0,1,0.19523997272934,0.547048197891242,0.282253995396177,-0.129765343884299,right,,,,,,,
1,1,-0.014384578159249,0,0,0.00763538335068,0,0,0.199510997123092,0.641375268502053,0.282519636116415,-0.171915128708237,left,,,,,,,
1,0,-0.29112683647722,1,1,0.00958711455382,0,0,0.199347205681913,0.583469787235864,0.281644764049754,-0.178753875425702,right,,,,,,,
1,0,-0.202150830091357,0,0,-0.003665693457456,0,0,0.200624610391499,0.643486507028772,0.282351267481305,-0.200385666316627,left,,,,,,,
1,0,-0.175042704891762,1,0,-0.088540205878964,1,0,0.201435384225815,0.59199608840285,0.28329734642469,-0.202584847703172,right,,,,,,,
0,0,-0.013827270973148,0,1,0.153957955121568,0,1,0.206185596337751,0.638895449336905,0.286547199210031,-0.259173645092371,left,,,,,,,
1,0,-0.289605030537218,1,1,-0.022064303180318,0,1,0.20297400939368,0.626454404645134,0.279820967993808,-0.243884163205849,right,,,,,,,
0,0,-0.070748186511802,1,0,-0.129621047712693,0,1,0.203077778817688,0.649350378646931,0.281137410431541,-0.278837149199132,left,,,,,,,
1,0,-0.23526190201906,1,0,-0.085535994862076,1,1,0.201761062150532,0.646793717294592,0.276852694154381,-0.272490905178598,right,,,,,,,
0,1,0.133373181630733,1,0,-0.138401494631772,0,1,0.20025134557382,0.649937824468609,0.275561106650578,-0.271551839613851,left,,,,,,,
1,0,-0.206783400455282,1,1,-0.011422628254273,1,0,0.202341951850602,0.627323288681402,0.277561062004106,-0.271034004850135,right,,,,,,,
0,1,0.154603760340599,0,0,-0.016906588683804,0,0,0.202936744848038,0.664220427075364,0.279974374182135,-0.275617559220785,left,,,,,,,
1,0,-0.349264424517722,0,1,0.178889198876621,0,0,0.208414436242338,0.632917113947231,0.284647198995554,-0.272977313564974,right,,,,,,,
0,1,0.209999698942317,0,0,-0.019219875018188,0,1,0.2083882156148,0.655890236346034,0.284668016716747,-0.285855647019379,left,,,,,,,
1,0,-0.144189543499274,1,1,0.037269343939504,1,0,0.211427620209708,0.657072018975111,0.288018959873776,-0.290379005541796,right,,,,,,,
0,0,0.005496012887255,0,1,0.178071308396001,0,0,0.212786179817086,0.681574285173243,0.289286341213425,-0.304222871747187,left,,,,,,,
0,0,-0.011351658254565,1,1,0.031646725527591,1,0,0.215947227169236,0.640402306628809,0.290752965447355,-0.296902682508766,right,,,,,,,
1,1,-0.364167363623073,0,0,-0.015367783746879,0,0,0.216414791114474,0.670890706857437,0.291687681706138,-0.29967268858975,left,,,,,,,
0,0,-0.053849175192235,1,1,-0.008926295508131,1,0,0.21807539200893,0.644830249883159,0.292637328885524,-0.300446468096471,right,,,,,,,
0,1,0.175651366899236,1,1,-0.049300997786498,0,1,0.218840773667682,0.665225656503495,0.293928863472982,-0.32054828960778,left,,,,,,,
1,0,-0.141030565241131,0,1,0.092168507222411,1,0,0.21697427756791,0.638970104057689,0.290027592760848,-0.320284768655526,right,,,,,,,
0,0,-0.045173225803293,0,0,-0.000785948664886,0,0,0.215206114151374,0.647330146735347,0.287911317257181,-0.319800097374595,left,,,,,,,
0,1,0.867165782494788,0,1,0.126336965762129,1,0,0.212766958867067,0.643422774160668,0.285218851008585,-0.318581393694852,right,,,,,,,
1,0,-0.475775821238342,0,0,-0.055275296961014,1,1,0.210342356276399,0.649705030661973,0.282740628368135,-0.318009614253596,left,,,,,,,
1,0,-0.181684383897321,1,1,-0.130380295381903,1,0,0.265440310446488,0.425983482937853,0.25044601898861,-0.045447541195262,right,,,,,,,
0,0,0.078960974971108,1,0,-0.145881218140129,0,1,0.223406813407465,0.811137121219577,0.250078933220461,-0.165713179258263,left,,,,,,,
0,0,0.109635613051058,0,0,0.041985333501339,1,1,0.197551871208851,0.648817748883092,0.225190959096384,-0.133828028669397,right,,,,,,,
1,1,-0.003138080125946,1,1,0.194056818492462,1,1,0.171420254063392,0.569511761587591,0.198360545940803,0.009923678925212,left,,,,,,,
1,0,-0.207680199763609,0,1,0.111157337633504,1,0,0.171341621727469,0.443227254848169,0.193393233944184,0.006148817681986,right,,,,,,,
0,0,0.021646751328834,1,1,0.156721857217886,0,1,0.170429115980655,0.553856126352523,0.187474992264465,-0.0233080006978,left,,,,,,,
1,1,0.088176936693314,1,0,-0.44846431056515,1,1,0.170192650708786,0.404120445427648,0.187762072354023,-0.01867537960566,right,,,,,,,
0,0,-0.021115010004941,1,1,0.11877744323402,0,1,0.163184935304805,0.478198507248866,0.17658497608295,-0.071489037484783,left,,,,,,,
1,0,-0.196909587414341,0,1,0.251681038730835,0,1,0.1652166226796,0.405139737320722,0.174499613993439,-0.019597680704227,right,,,,,,,
1,1,0.006111486021185,1,1,0.140951291407652,0,1,0.166297601533982,0.516430550108288,0.172264633430199,-0.066036165608412,left,,,,,,,
1,0,-0.143387721790706,1,1,-0.149009877149332,1,0,0.175127886967728,0.414896343032634,0.180048779488063,-0.036227529670296,right,,,,,,,
0,0,0.037483498692544,1,1,0.277946376195752,1,1,0.175462242247014,0.488425597834555,0.183432300455498,-0.043434610864489,left,,,,,,,
0,0,-0.049434911112671,0,1,0.143196896681515,1,1,0.182430741217306,0.408524591306121,0.188422681327674,-0.026495212157576,right,,,,,,,
0,1,0.147441698780436,1,0,-0.124070920960012,0,1,0.184634508968254,0.49535952356993,0.188432153126585,-0.115225712845011,left,,,,,,,
1,0,-0.229433927288564,0,1,0.138095171225785,1,1,0.191778131822665,0.469884508356182,0.193463856954029,-0.100617246649369,right,,,,,,,
0,0,0.017230146773605,1,1,0.309674769709061,1,0,0.190360193645865,0.518753629915689,0.193099625108395,-0.11595131114407,left,,,,,,,
1,0,-0.197625206685181,0,1,0.101110984221598,1,0,0.191059294242298,0.476273727257573,0.191335770017556,-0.113163721786556,right,,,,,,,
0,0,-0.014091138729156,1,1,0.313008481045355,1,1,0.190557814158755,0.521505705698157,0.192955955940952,-0.121122732179793,left,,,,,,,
1,0,-0.191577759182728,0,1,0.166736267276629,1,1,0.192425154333765,0.482232993721359,0.196468014560793,-0.107430003641096,right,,,,,,,
0,0,-0.042795823137759,1,1,0.237481607644942,0,1,0.190737841775276,0.510752491532573,0.195592796998802,-0.123326077113099,left,,,,,,,
1,0,-0.195442633108724,0,1,0.15333722437098,1,1,0.192124649790684,0.477100379609638,0.197400386213169,-0.115634301517391,right,,,,,,,
0,0,-0.03516107030063,1,1,0.28649661457622,0,1,0.193185355571032,0.537409037398686,0.199351267651859,-0.134097367426617,left,,,,,,,
1,0,-0.262061668898305,0,1,0.141312807673285,0,0,0.196494475950575,0.493530611719427,0.202541914812025,-0.123213366511017,right,,,,,,,
0,1,0.152663612010848,1,0,-0.141780168648156,0,1,0.200961746002739,0.548801426496949,0.204819819645035,-0.183789463485537,left,,,,,,,
1,0,-0.163767506328536,1,1,-0.129792598812475,0,0,0.196769927261001,0.542526208163842,0.200978106527648,-0.177673357066321,right,,,,,,,
0,0,0.03964308724888,1,1,0.018392849802475,0,1,0.194048185288164,0.538999461189978,0.19746364544428,-0.180120949202996,left,,,,,,,
1,0,-0.174719526608028,0,0,0.016754038689701,0,0,0.19087867194874,0.528532294202964,0.194677773700382,-0.172359840690133,right,,,,,,,
0,0,0.069699170533102,1,1,0.134023755939304,1,0,0.188472033863502,0.530153769836238,0.192878964084361,-0.161616108861405,left,,,,,,,
1,0,-0.136902082067909,1,1,-0.120690409064565,0,0,0.184278834700943,0.517624492758824,0.188984264955726,-0.154369659159135,right,,,,,,,
1,0,-0.425333309090816,0,1,0.638826069652834,0,0,0.182500509765867,0.518348894467462,0.186454139096478,-0.156161970879858,left,,,,,,,
0,0,0.037604850908615,1,1,-0.064957875546776,1,1,0.180205737506969,0.510802103040229,0.184167694410794,-0.156174155792724,right,,,,,,,
0,0,0.005009578299621,1,0,-0.176630349491433,0,0,0.177659410296487,0.516309496965949,0.181251315977656,-0.151138865943537,left,,,,,,,
1,0,-0.126749272672066,0,1,0.105856422085327,1,1,0.175620747955937,0.506765753792168,0.179689819993085,-0.150865032996275,right,,,,,,,
0,0,-0.151387108466226,1,0,-0.156224027291731,0,0,0.173242063508705,0.511303469553723,0.177081779063058,-0.145869502825565,left,,,,,,,
1,0,-0.120740334607386,1,1,-0.087469192835413,0,0,0.170670083147824,0.509730053107274,0.174486935521164,-0.146302170018978,right,,,,,,,
2.95249024558182,2.1005278861602,2.11032055695815,1.42483360110168,3.0161426057685,3.74080024481677,1,0,-0.134442018663981,0,0,-0.151335181070745,1,1,0.192938089167199,0.459616135499049,0.222314083135204,-0.097269585334367,right,right
1.83612577461556,2.09073521536225,3.07000229515722,3.44212378547931,1.81164409762069,3.02103894116747,0,0,0.060159469682047,1,1,0.111718482579628,0,1,0.201179651858571,0.904659290142679,0.205238452160305,-0.36146369857583,left,left
2.81539285441053,2.1005278861602,3.54494682885778,1.73819906663606,2.94759391018285,1.62068701706067,1,0,-0.118709227648026,1,0,-0.42912442290857,1,0,0.176219343975025,0.702249966204602,0.178150323968155,-0.239170734032493,right,right
1.87529645780736,1.97322316578686,3.08958763675312,3.32461173590391,1.71371738964119,3.08958763675312,0,0,0.022964292925892,1,1,0.069158161297063,0,1,0.186494497292792,0.767077843707872,0.178869247166779,-0.396208661144757,left,left
2.98676459337465,2.05156453217045,2.12990589855405,1.5766199984699,2.98676459337465,3.68204422002907,1,0,-0.171887125231866,0,0,-0.126629040927692,1,1,0.169957420069641,0.620779612160704,0.165486884348382,-0.331548564729129,right,right
2.81539285441053,2.12990589855405,3.00145359957157,3.93175732537679,2.81539285441053,2.91331956239002,1,0,-0.144720663820917,1,1,0.30448439358782,1,1,0.175069049077829,0.809973288156346,0.179723402525935,-0.336255186394066,left,left
2.86925254379925,3.18751434473261,2.18866192334175,1.85571111621146,2.86925254379925,3.60370285364547,1,1,0.064896550725601,0,0,-0.063777235698479,1,1,0.16619026509655,0.715814524145087,0.17206560039304,-0.264770391348123,right,right
1.91446714099916,2.11521689235713,3.00634993497055,3.42743477928238,1.91936347639813,2.98676459337465,0,0,0.045391520343475,1,1,0.122332643628892,0,1,0.167561678300405,0.792823387608584,0.171294767929907,-0.301777411513205,left,left
1.83122943921659,3.22668502792441,2.18376558794277,1.94874148879198,1.81654043301966,3.08958763675312,0,1,0.510051949057557,0,0,-0.085903486157062,0,1,0.160975402790744,0.731564346139823,0.164982764378051,-0.248054207526548,right,left
2.05156453217045,2.11521689235713,2.84477086680438,2.18866192334175,2.00260117818071,2.89373422079412,0,0,0.013206086540862,1,0,-0.144321962982394,0,1,0.156746506296942,0.727459280384591,0.162188908407987,-0.209922385318283,left,left
2.89373422079412,3.24627036952031,2.19355825874072,1.90957080560018,2.86435620840028,2.19355825874072,1,1,0.081722622681686,0,0,-0.062441730577661,1,0,0.15306857217729,0.688976620620916,0.157967370172015,-0.178916220070462,right,right
2.0221865197766,2.19355825874072,2.88394154999617,3.53025782266085,1.95853415958993,3.04552061816234,0,0,0.040091816517152,1,1,0.191808102365405,0,1,0.152370230294734,0.699914399334892,0.158759379005197,-0.180691170107228,left,left
2.80560018361258,2.1984545941397,3.53515415805983,1.90467447020121,2.9573865809808,1.84591844541351,1,0,-0.10906168584768,1,0,-0.4200936403682,1,0,0.148984982933429,0.660687853239376,0.15425800986725,-0.154292393363356,right,right
1.85571111621146,2.1984545941397,2.9378012393849,2.16907658174585,2.01729018437763,1.49338229668732,0,0,0.083259552498954,1,0,-0.18497658617351,0,0,0.149890395283605,0.660143124013217,0.155309336907667,-0.135623965001509,left,left
3.01124627036952,1.92915614719608,2.09073521536225,1.43462627189963,2.99166092877362,2.0221865197766,1,0,-0.231339334019892,0,0,-0.165371163602549,1,0,0.158786186188466,0.60497481447565,0.162012710297229,-0.084492392542682,right,right
2.09563155076123,2.8398745314054,2.86925254379925,3.86810496519012,1.62558335245964,3.29033738811109,0,1,0.141550210389773,1,1,0.358044914584318,0,1,0.162015912861252,0.650885241964583,0.168053245031585,-0.119937532648288,left,left
3.12386198454594,1.89488179940326,3.62328819524137,2.83497819600643,3.18751434473261,1.10657180016831,1,0,-0.255003551519942,1,1,-0.158434707802768,1,0,0.169662208601794,0.601108345322987,0.175160910528985,-0.080741334107616,right,right
1.99770484278173,2.84477086680438,2.99166092877362,4.01009869176039,1.79205875602479,2.99166092877362,0,1,0.164009449922889,1,1,0.361573096869388,0,1,0.171890844238032,0.662237160427094,0.181015791299152,-0.105435386163451,left,left
3.00145359957157,1.88998546400428,2.1592839109479,2.89373422079412,3.00145359957157,3.56453217045368,1,0,-0.209353992429327,0,1,0.134358166176846,1,1,0.178416532525497,0.603685785244703,0.18436552028347,-0.077609122101397,right,right
1.83122943921659,2.8007038482136,3.07979496595517,3.54494682885778,1.63537602325759,3.07979496595517,0,1,0.172069064062978,1,1,0.155875479687878,0,1,0.181357055628459,0.655632439280929,0.186827855992926,-0.136371234589225,left,left
2.86925254379925,1.92425981179711,2.0221865197766,2.95249024558182,1.54234565067707,3.39805676688853,1,0,-0.162638120720329,0,1,0.158013408800093,0,1,0.179069159797423,0.634973668085237,0.182139923520678,-0.14526648374018,right,right
1.87040012240838,2.83497819600643,3.06510595975824,2.84966720220335,3.06020962435927,3.06510595975824,0,1,0.152527632275047,1,1,-0.04248775724279,1,1,0.176485010234255,0.609913170403329,0.17573368002896,-0.147353518424011,left,left
2.83497819600643,2.0809425445643,2.1005278861602,2.8398745314054,2.84477086680438,3.53515415805983,1,0,-0.117814171421394,0,1,0.112756171776795,1,1,0.171866845014695,0.610939589347276,0.171208991520115,-0.147011416547051,right,right
1.76268074363094,1.66965037105042,3.15323999693979,2.98186825797567,2.98186825797567,1.79695509142376,0,0,-0.018414931372396,1,1,-0.033397464334144,1,0,0.170054144809261,0.579274068819785,0.167466450184098,-0.141368912582473,left,right
1.557034656874,2.04666819677148,1.38566291790988,1.74799173743401,3.17282533853569,3.11896564914697,0,0,0.125450940505568,0,0,0.10940432564738,1,1,0.169303270336857,0.552774986800217,0.16703517205678,-0.142111542712028,right,right
1.95363782419096,2.95249024558182,2.98186825797567,2.16418024634687,1.83612577461556,3.17772167393466,0,1,0.176714137535634,1,0,-0.140862435824803,0,1,0.169287640823602,0.576063072417353,0.166917796260119,-0.190800788783452,left,left
2.81049651901155,2.918215897789,2.07114987376635,2.90842322699105,2.86435620840028,2.07114987376635,1,1,0.022526596868187,0,1,0.209552118869581,1,0,0.165219696085654,0.570687203167938,0.162821381441496,-0.18350757982334,right,right
1.95363782419096,1.74309540203504,2.9573865809808,3.30502639430801,3.16303266773774,1.82143676841864,0,0,-0.041960853757126,1,1,0.093415148633384,1,0,0.164504318224797,0.548766781320125,0.160429252218984,-0.182177442886493,left,right
2.83008186060745,2.17397291714482,2.00749751357968,2.84966720220335,3.03083161196542,3.58901384744855,1,0,-0.102635177218489,0,1,0.135876398827637,1,1,0.16356322009842,0.533238925980539,0.160534837966702,-0.19537194676668,right,right
1.78226608522684,1.77736974982786,3.13365465534389,2.87414887919823,1.78226608522684,1.80185142682274,0,0,-0.000935764331489,1,1,-0.048119228193511,0,0,0.162389679737083,0.514086923889684,0.157822468261043,-0.194067177820467,left,left
2.8398745314054,1.90467447020121,1.86060745161044,2.89373422079412,1.77247341442889,3.02593527656644,1,0,-0.171489255606652,0,1,0.204133634192724,0,1,0.159927760635605,0.508656249737273,0.155254257896967,-0.191261591138691,right,right
1.93894881799403,2.85456353760233,3.00634993497055,3.14834366154082,1.93894881799403,1.80674776222171,0,1,0.135863144844344,1,1,0.033882108072132,0,0,0.157513436244199,0.497949397762572,0.151637085037682,-0.191092128170967,left,left
2.83497819600643,1.88998546400428,3.56942850585265,2.94759391018285,2.97207558717772,1.70882105424222,1,0,-0.152238320820919,1,1,-0.10770773321409,1,0,0.156168607783813,0.489493268051282,0.150580020320508,-0.188481898620142,right,right
1.87040012240838,2.86435620840028,2.96228291637977,2.80560018361258,3.37847142529263,2.9573865809808,0,1,0.155386323299485,1,1,-0.032439998912852,1,1,0.155019710260253,0.476990304997358,0.147848151691063,-0.188556541861968,left,left
2.81539285441053,2.11032055695815,3.48619080407008,1.75288807283299,1.70392471884324,1.5178639736822,1,0,-0.11898951861384,1,0,-0.409231301846008,0,0,0.154345183119261,0.467540926668132,0.14750449322586,-0.188987878370698,right,right
1.75778440823196,1.94874148879198,3.13855099074287,3.53025782266085,1.75778440823196,1.67944304184837,0,0,0.036338152191159,1,1,0.100849279713009,0,0,0.152412499632864,0.454610539537208,0.145564118860235,-0.178098614819316,left,left
2.92800856858695,2.14949124014995,2.09563155076123,1.81164409762069,2.81049651901155,3.62818453064035,1,0,-0.119135391597137,0,0,-0.055394059569297,1,1,0.106999292139801,0.258053064672581,0.11399033215547,0.068992614010138,right,right
1.73330273123709,2.8398745314054,3.13365465534389,2.81049651901155,1.73330273123709,1.71861372504017,0,1,0.174599276147396,1,1,-0.065027584615897,0,0,0.118394804542655,-0.221117770388372,0.093998536503027,0.147754068130885,left,left
2.90352689159207,2.17397291714482,2.06625353836738,1.67454670644939,2.8202891898095,3.68694055542805,1,0,-0.113762057989901,0,0,-0.072061258519043,1,1,0.119048137951635,-0.04040080542719,0.106010649081031,0.094104430929717,right,right
1.83122943921659,2.15438757554892,3.07489863055619,2.14459490475098,2.15438757554892,3.07489863055619,0,0,0.06720722393508,1,0,-0.200006798752576,0,1,0.116656340529121,0.031835389150863,0.105310389549249,0.09255162977873,left,left
3.05041695356132,2.0417718613725,2.15438757554892,2.85456353760233,1.77736974982786,3.63308086603932,1,0,-0.158243137848496,0,1,0.111908260149312,0,1,0.119538315889042,0.096812608437055,0.113145322309267,0.023689569245482,right,right
1.87040012240838,2.11521689235713,3.02593527656644,3.39805676688853,2.95249024558182,1.71371738964119,0,0,0.050048887465697,1,1,0.096105461433905,1,0,0.114377555182858,0.066997266078769,0.109666929592575,0.080098746982482,right,left
2.91331956239002,2.90842322699105,3.49598347486803,2.918215897789,1.83122943921659,1.73330273123709,1,1,-0.00109877824318,1,1,-0.168014202745728,0,0,0.108218908431637,0.013410478434839,0.105654720518808,0.123732275380715,right,right
2.139698569352,2.02708285517558,2.86435620840028,3.29033738811109,2.15438757554892,2.86925254379925,0,0,-0.021298505576274,1,1,0.104505077199626,0,1,0.105091231945654,0.002010655351005,0.100338408646855,0.1448309807433,left,left
2.9573865809808,2.8398745314054,2.11032055695815,2.99166092877362,1.91936347639813,3.5596358350547,1,1,-0.022742302728967,0,1,0.197482125197723,0,1,0.10034854400055,-0.016978217439537,0.097608084486753,0.185603623777565,right,right
2.01729018437763,1.92425981179711,2.9378012393849,3.12875831994492,3.17772167393466,2.9378012393849,0,0,-0.017958159898718,1,1,0.047172646144169,1,1,0.100442085457661,-0.013533721635224,0.093238942513616,0.186300064192242,right,left
3.07000229515722,3.11406931374799,2.06625353836738,2.0809425445643,2.81539285441053,3.47150179787315,1,1,0.009068329852399,0,0,0.002975015604078,1,1,0.097380967637536,-0.039151270985109,0.090214054004747,0.193917479307771,left,right
2.17397291714482,2.86435620840028,2.82518552520848,2.85456353760233,2.1592839109479,2.80560018361258,0,1,0.099191179827127,1,1,0.005366414972877,0,1,0.097289023644221,-0.057138597474019,0.086623554998379,0.1925880640106,left,left
2.8986305561931,2.1005278861602,2.0221865197766,1.81164409762069,2.88883788539515,3.65266620763522,1,0,-0.154673637476553,0,0,-0.047245770833777,1,1,0.097273472524806,-0.074232918621169,0.088551024215791,0.180914552952637,right,right
2.0809425445643,2.16418024634687,2.85456353760233,2.16907658174585,2.0809425445643,1.67454670644939,0,0,0.022147098518281,1,0,-0.186268714288958,0,0,0.096619060665098,-0.049449023930902,0.08983138691919,0.205994905136599,left,left
3.09448397215209,1.90467447020121,3.90237931298294,2.93290490398592,3.86320862979114,0.724657639048275,1,0,-0.239114858999856,1,1,-0.201156697353002,1,0,0.113411542522299,-0.089388392167613,0.104443562913614,0.134218888046424,left,right
1.91446714099916,2.9573865809808,3.04062428276337,2.18376558794277,1.57172366307092,3.04062428276337,0,1,0.195881075636505,1,0,-0.155232369645563,0,1,0.12372718645711,0.127104564411395,0.113248912107881,-0.16083926194791,left,left
3.53515415805983,2.11521689235713,2.07114987376635,1.37097391171295,0.944992732002142,1.90467447020121,1,0,-0.32695812747156,0,0,-0.17377451139121,0,0,0.137987739919088,0.138648800127987,0.123173440470793,-0.104417500304378,right,right
2.04666819677148,2.8790452145972,2.9378012393849,2.8007038482136,1.48358962588937,3.5204651518629,0,1,0.149705646010057,1,1,-0.033679972290021,0,1,0.144336087648621,0.299124538197555,0.129451922391741,-0.258227256842611,left,left
2.9769719225767,1.80674776222171,2.12500956315508,2.918215897789,1.24856552673858,2.12500956315508,1,0,-0.225347386513164,0,1,0.131781040695796,0,0,0.152616840901276,0.271126848534157,0.140110686944954,-0.173785886810942,right,right
1.89977813480223,2.85456353760233,3.06020962435927,2.18866192334175,1.61089434626272,3.02593527656644,0,1,0.178971213629049,1,0,-0.167060851530253,0,1,0.158537910550154,0.376044964382832,0.15035812123382,-0.245757445088258,left,left
3.31481906510596,1.76757707902991,3.76038558641267,2.9378012393849,3.34909341289878,1.00864509218881,1,0,-0.318842219077388,1,1,-0.165501274133209,1,0,0.169399744203036,0.349483829748285,0.15926807589141,-0.156095416207428,right,right
1.67454670644939,2.9769719225767,3.30992272970698,2.13480223395303,1.73330273123709,3.30992272970698,0,1,0.264132362384519,1,0,-0.236439703224165,0,1,0.175310930429386,0.405215085824659,0.165566688943813,-0.247133809833102,left,left
2.8594598730013,1.92915614719608,2.19355825874072,2.86435620840028,3.500879810267,2.07604620916533,1,0,-0.152304532759907,0,1,0.11652699414513,1,0,0.181084625993716,0.417440379044645,0.170251284484965,-0.1981501487101,right,right
1.88508912860531,2.8202891898095,2.9965572641726,3.80445260500344,2.02708285517558,2.9378012393849,0,1,0.160309391679282,1,1,0.219644168969797,0,1,0.178441471975653,0.421635625676483,0.169161553812438,-0.171536445358501,left,left
2.8398745314054,1.93405248259506,2.0613572029684,2.84477086680438,3.00145359957157,1.52276030908117,1,0,-0.146663545598322,0,1,0.122210050239013,1,0,0.176795342899327,0.404485307496101,0.168124219048595,-0.156448190578649,right,right
1.87040012240838,1.83612577461556,3.15813633233877,3.12875831994492,1.88998546400428,0.900925713411369,0,0,-0.010437161274954,1,1,-0.009887901947409,0,0,0.178941657730989,0.459677133562135,0.171264627058302,-0.216659941880581,left,left
3.30992272970698,1.93405248259506,3.37847142529263,2.8594598730013,3.31481906510596,0.86175503021957,1,0,-0.264621683885313,1,1,-0.102125441669681,1,0,0.182785095001662,0.450239382843216,0.174216128418227,-0.195019098706152,right,right
2.80560018361258,2.96228291637977,3.14344732614184,2.16907658174585,1.69413204804529,3.03572794736439,1,1,0.024863030131543,1,0,-0.180333208606306,0,1,0.183816216042654,0.477848460879289,0.176476711361715,-0.207244524410233,right,left
3.02593527656644,1.88019279320633,2.03687552597353,2.88883788539515,3.24627036952031,3.90237931298294,1,0,-0.213885539582385,0,1,0.152360403075014,1,1,0.186410361920002,0.454760143236747,0.180188897827393,-0.196600959750044,right,right
1.77247341442889,2.85456353760233,3.11406931374799,4.08844005814398,1.86550378700941,2.93290490398592,0,1,0.204520218666698,1,1,0.336075138887577,0,1,0.187805150765642,0.497938722750477,0.183532057227719,-0.200283227062889,left,left
2.97207558717772,1.80674776222171,1.93894881799403,2.92800856858695,2.91331956239002,3.94644633157371,1,0,-0.22066273492487,0,1,0.180597958035697,1,1,0.192948273668661,0.463438916382903,0.187925243198509,-0.174999837311323,right,right
1.86550378700941,2.8986305561931,3.10427664295004,2.17397291714482,1.86550378700941,3.31481906510596,0,1,0.194383204622683,1,0,-0.173755922781717,0,1,0.19550824626412,0.499684974392983,0.191396989262795,-0.190775475157828,left,left
2.96228291637977,1.73330273123709,1.83612577461556,2.98676459337465,3.37847142529263,4.00030602096244,1,0,-0.22148123999986,0,1,0.205913985127251,1,1,0.197854402326734,0.46452168371682,0.194434885658694,-0.175918504183551,right,right
1.86550378700941,2.86435620840028,3.02593527656644,2.19355825874072,1.86060745161044,3.02593527656644,0,1,0.187946731415355,1,0,-0.157780328773786,0,1,0.199199163802136,0.499395454094327,0.197362724919395,-0.194434196519017,left,left
3.11896564914697,2.14949124014995,3.78486726340754,2.90352689159207,3.14834366154082,1.07719378777446,1,0,-0.183413759454363,1,1,-0.178745346212309,1,0,0.200192953465461,0.473636448470696,0.198557024465176,-0.192224099019102,right,right
1.78226608522684,2.82518552520848,3.07489863055619,2.86435620840028,1.62068701706067,3.34419707749981,0,1,0.189237813012452,1,1,-0.051790508429325,0,1,0.201473315058274,0.494984058228197,0.199501094462748,-0.208265884478507,left,left
3.17772167393466,1.78716242062581,3.58901384744855,2.9573865809808,1.28283987453141,1.18491316655191,1,0,-0.273604179944134,1,1,-0.115380444455695,0,0,0.201821456918364,0.475308292747408,0.20038435432074,-0.195171562563021,right,right
2.08583887996328,2.91331956239002,2.8398745314054,2.12500956315508,2.08583887996328,2.8398745314054,0,1,0.142083217239404,1,0,-0.120323807673319,0,1,0.202916966510137,0.487673575663214,0.202469047001551,-0.206123349054232,left,left
2.88883788539515,1.99280850738276,2.1005278861602,2.09563155076123,2.88883788539515,3.75059291561472,1,0,-0.157043466544693,0,0,-0.001291563863242,1,1,0.202333016752536,0.467309585449907,0.203156071590009,-0.191916669222893,left,right
2.92311223318797,2.81049651901155,3.05041695356132,3.25606304031826,1.93894881799403,2.86435620840028,1,1,-0.016539689583644,1,1,0.062588791318209,0,1,0.203564104858168,0.484544540458305,0.202801532572311,-0.207693698946007,left,left
3.41274577308546,1.77247341442889,2.19355825874072,2.9573865809808,1.06250478157754,3.67225154923112,1,0,-0.35615409716945,0,1,0.131278260351746,0,1,0.206962890861458,0.452441969645588,0.204909564031988,-0.179714729044525,right,right
2.16907658174585,3.02103894116747,2.87414887919823,2.1005278861602,2.1788692525438,2.8202891898095,0,1,0.161271240962439,1,0,-0.142186471082515,0,1,0.208015099810628,0.458673621703581,0.206593875870411,-0.187497378281618,left,left
3.08469130135414,3.38826409609058,2.918215897789,2.9965572641726,3.09448397215209,1.93894881799403,1,1,0.053208037610046,1,1,0.010223984287827,1,0,0.128596083332232,0.220244415596346,0.138761675412303,-0.070519548217884,right,right
2.18866192334175,2.91331956239002,2.98186825797567,2.86435620840028,2.18866192334175,2.12990589855405,0,1,0.105092369665734,1,1,-0.012818413329636,0,0,0.134378574458558,0.171951827902205,0.118301351211596,-0.048865093250621,left,left
2.81539285441053,2.03687552597353,2.80560018361258,2.81539285441053,2.83008186060745,2.12990589855405,1,0,-0.10201137287809,1,1,0.000976243527783,1,0,0.16036236472592,0.371459337719578,0.173880560656758,-0.224202581698255,right,right
1.98301583658481,2.81049651901155,2.04666819677148,2.07604620916533,1.85081478081249,2.05156453217045,0,1,0.117571728013881,0,0,0.003773014961812,0,0,0.154454873261261,0.29455192030927,0.159666133069452,-0.197737289963885,left,left
2.94759391018285,1.98791217198378,2.0221865197766,2.90352689159207,2.82518552520848,2.12500956315508,1,0,-0.159181134532058,0,1,0.113133833986366,1,0,0.158471109660866,0.244315970319871,0.168323773512584,-0.210913505902271,right,right
2.11032055695815,2.8594598730013,2.84966720220335,2.00749751357968,2.11521689235713,3.02593527656644,0,1,0.122697982367105,1,0,-0.13366200806165,0,1,0.162769972669751,0.18306813364439,0.168003889652438,-0.239002107516896,left,left
2.90842322699105,2.13480223395303,1.95363782419096,3.00634993497055,2.918215897789,1.93405248259506,1,0,-0.115999808439659,0,1,0.139786711099712,1,0,0.157691408573442,0.171237327607995,0.161869682780609,-0.249373469750153,right,right
1.97811950118583,2.91331956239002,3.09938030755107,2.81539285441053,1.93894881799403,3.17282533853569,0,1,0.163451984034014,1,1,-0.03874822795469,0,1,0.161871363593025,0.311995464306059,0.171538071958073,-0.299712473540673,left,left
3.04062428276337,2.17397291714482,2.00749751357968,3.10917297834902,3.04552061816234,2.8398745314054,1,0,-0.139913934992598,0,1,0.162419218849611,1,1,0.15886833285274,0.289176535556099,0.167561064688918,-0.294103315241434,right,right
2.1984545941397,2.84477086680438,2.82518552520848,2.0613572029684,2.16418024634687,2.9769719225767,0,1,0.093064281274971,1,0,-0.108765002620727,0,1,0.162192435161079,0.360281334971154,0.160035314120291,-0.291994500631512,left,left
2.95249024558182,2.1984545941397,2.9769719225767,2.95249024558182,1.70882105424222,3.01124627036952,1,0,-0.110626425860654,1,1,-0.002828289499677,0,1,0.154887392669455,0.3460731240618,0.155395094573862,-0.286480970213623,right,right
2.88394154999617,2.86925254379925,2.94759391018285,2.0417718613725,1.54724198607605,2.97207558717772,1,1,-0.00206993915274,1,0,-0.113837512095641,0,1,0.168066182087795,0.339554678964013,0.158932852471397,-0.316748085923085,right,left
3.24137403412134,2.11521689235713,2.90352689159207,2.8594598730013,3.32461173590391,2.82518552520848,1,0,-0.178241628719403,1,1,-0.005481710974654,1,1,0.173450715751035,0.295203836033516,0.163752653707264,-0.311125746364768,right,right
2.0809425445643,2.95249024558182,2.1592839109479,2.81049651901155,2.0417718613725,2.14949124014995,0,1,0.131895518871557,0,1,0.07640232694931,0,0,0.176512594711136,0.270377364713698,0.16847388957009,-0.292274172113674,left,left
2.90842322699105,2.19355825874072,2.05156453217045,2.95249024558182,1.62558335245964,2.07604620916533,1,0,-0.123514009213835,0,1,0.121912991532007,0,0,0.175741768982588,0.277818417938112,0.168434250448574,-0.306686477412688,right,right
2.12990589855405,2.8594598730013,2.16907658174585,2.03687552597353,1.84102211001454,2.89373422079412,0,1,0.105405915747155,0,0,-0.016821573163617,0,1,0.173915426309531,0.249154660295738,0.164965589502457,-0.295723698064525,left,left
2.98676459337465,3.18751434473261,2.8398745314054,3.08469130135414,2.90352689159207,2.8594598730013,1,1,0.03693158127543,1,1,0.032453022433112,1,1,0.170063536172967,0.24027290583559,0.162018417678224,-0.283054523804762,right,right
2.17397291714482,2.8986305561931,2.1984545941397,2.92311223318797,1.69413204804529,2.139698569352,0,1,0.108996484320134,0,1,0.082320292079367,0,0,0.17008519258054,0.226681946881663,0.15929987688541,-0.2768650283505,left,left
2.81539285441053,2.139698569352,2.8790452145972,2.90842322699105,2.92311223318797,2.80560018361258,1,0,-0.097046751234984,1,1,0.003382551079783,1,1,0.166831297850479,0.214630697007625,0.15719652307102,-0.265192431472597,right,right
1.85081478081249,2.81539285441053,2.14949124014995,2.06625353836738,1.85081478081249,2.90352689159207,0,1,0.178687757762445,0,0,-0.013051369501976,0,1,0.166364704765343,0.210293268039963,0.15865649103885,-0.258503244924832,left,left
2.98186825797567,2.15438757554892,3.07000229515722,3.07489863055619,2.92311223318797,3.09448397215209,1,0,-0.119347291889037,1,1,0.000622068002872,1,1,0.163153242935226,0.202867910462006,0.157383514375187,-0.266224555555385,right,right
1.81654043301966,2.88394154999617,2.14459490475098,2.04666819677148,3.03572794736439,2.11521689235713,0,1,0.150111987867499,0,0,-0.011652436904024,1,0,0.16130196281991,0.207937279539365,0.15463306976113,-0.263204063119149,right,left
2.83497819600643,3.00145359957157,2.89373422079412,2.93290490398592,2.86435620840028,2.80560018361258,1,1,0.066583278160226,1,1,0.00849793707419,1,1,0.158264221224209,0.204193710546831,0.152717749662178,-0.260441607671469,right,right
2.9769719225767,2.17397291714482,2.00260117818071,2.99166092877362,2.99166092877362,2.0809425445643,1,0,-0.533170819738293,0,1,0.418776847215315,1,0,0.157209756327456,0.202249159467339,0.152145123077116,-0.255589304862401,left,left
1.82633310381761,2.81539285441053,2.84477086680438,2.08583887996328,1.82633310381761,2.89373422079412,0,1,0.174486684852629,1,0,-0.119839276251037,0,1,0.157659514082397,0.226087657338907,0.156064167590486,-0.254456607499499,left,right
2.8007038482136,2.04666819677148,1.95363782419096,2.90842322699105,2.80560018361258,3.04062428276337,1,0,-0.110900906428491,0,1,0.125308960798499,1,1,0.15466369592089,0.219822104106784,0.154097823018043,-0.254960005348962,right,left
2.12990589855405,1.94874148879198,2.139698569352,2.80560018361258,1.88998546400428,2.12500956315508,0,0,-0.031255364625173,0,1,0.083356723436002,0,0,0.152415067673478,0.213088205772481,0.152453230532937,-0.251743758728376,left,right
1.79205875602479,2.1984545941397,1.82633310381761,3.14344732614184,1.79695509142376,1.89977813480223,0,0,0.19486796385866,0,1,0.484926900873231,0,0,0.150083616697324,0.211899926858965,0.151547379315955,-0.250150699794026,left,left
3.12386198454594,2.05156453217045,3.05041695356132,2.19355825874072,3.04552061816234,1.96343049498891,1,0,-0.600773777957705,1,0,-0.237123487019715,1,0,0.149280091686643,0.209770559412891,0.151104839027999,-0.24474948825276,left,right
1.90957080560018,1.97322316578686,3.01124627036952,2.85456353760233,1.90957080560018,2.8594598730013,0,0,0.011669641101446,1,1,-0.022932818099175,0,1,0.14743779728886,0.203833239965692,0.14952177347399,-0.243968787548163,left,left
2.90352689159207,1.99770484278173,1.99770484278173,2.84966720220335,2.83008186060745,2.09563155076123,1,0,-0.155667740876159,0,1,0.108522311265966,1,0,0.145631892917144,0.204546614297367,0.149158228118092,-0.240914697309204,right,right
1.86060745161044,2.09073521536225,2.8007038482136,2.16418024634687,1.80674776222171,2.18376558794277,0,0,0.047832708928763,1,0,-0.107807582326715,0,0,0.144968571843584,0.197376942687732,0.148988259890406,-0.245252922657773,left,left
2.8007038482136,2.17397291714482,3.16303266773774,3.02103894116747,2.80560018361258,3.76038558641267,1,0,-0.117697529359594,1,1,-0.024182710563851,1,1,0.143654488749123,0.186426144746633,0.149452065573628,-0.236946675203149,right,right
1.74799173743401,2.86925254379925,3.15813633233877,2.81539285441053,1.79205875602479,3.20709968632851,0,1,0.187379429083714,1,1,-0.047641643289103,0,1,0.142643145842355,0.179500315358389,0.148139038628383,-0.237402601804343,left,left
2.8790452145972,2.19355825874072,3.6771478846301,2.9965572641726,2.8790452145972,3.60370285364547,1,0,-0.124133860307092,1,1,-0.121484781558247,1,1,0.141764432902211,0.171438186776863,0.148376249151537,-0.231346602848344,right,right
1.86060745161044,2.8202891898095,2.18866192334175,2.9378012393849,1.84102211001454,3.03572794736439,0,1,0.159273044277334,0,1,0.093392892195125,0,1,0.14121555586376,0.1676639663808,0.147659237333046,-0.23499656516665,left,left
2.90352689159207,3.33440440670186,2.01729018437763,2.94759391018285,2.90352689159207,3.38826409609058,1,1,0.086727100335694,0,1,0.143856197150079,1,1,0.140057716207585,0.16848475399947,0.147201557783629,-0.232086882784372,right,right
1.67454670644939,2.92311223318797,2.0613572029684,2.8986305561931,1.67454670644939,2.11521689235713,0,1,0.208476524841808,0,1,0.105892009059274,0,0,0.141318055331342,0.154366613462704,0.146738569957182,-0.227513018289972,left,left
2.80560018361258,2.05156453217045,1.92425981179711,2.8594598730013,2.85456353760233,3.29523372351006,1,0,-0.112755145241889,0,1,0.11334380622228,1,1,0.140481391283602,0.145266157699053,0.145871797935012,-0.221199210155626,right,right
1.97811950118583,2.86435620840028,2.11032055695815,2.18866192334175,1.91446714099916,2.07604620916533,0,1,0.1171300247188,0,0,0.009080111999349,0,0,0.141405485466176,0.143452015413602,0.144680447608813,-0.219190522072161,left,left
2.90842322699105,1.95363782419096,2.8007038482136,2.1788692525438,2.88394154999617,2.19355825874072,1,0,-0.119720029093569,1,0,-0.063879275043951,1,0,0.141336869212495,0.135943622791158,0.145716115329244,-0.215456231780346,right,right
1.90957080560018,2.86435620840028,3.05041695356132,2.18376558794277,1.87529645780736,3.13365465534389,0,1,0.129828674312653,1,0,-0.111898951730394,0,1,0.142643597934906,0.144746218019179,0.144667794809053,-0.212058059003685,left,left
