first_peak,second_peak,second_last_peak,last_peak,first_peak_2,second_peak_2,second_last_peak_2,last_peak_2,second_peak,1-hot-first,1-hot-last,Gradient_1,1-hot-first_2,1-hot_last_2,Gradient_2,1-hot_second,1-hot_second_peak_2,1-hot_second_last,1-hot_second_last_2,
,,,,,,,,,,,,,,,,,,,
4.91102440517175,0.029378012393849,4.88654272817688,0.685486955856476,3.0161426057685,0.048963353989748,4.40180552367837,1.96343049498891,0.029378012393849,1,0,0.171335432263799,1,0,-1,0,0,1,1,right
4.93060974676765,0.029378012393849,0.504322546094407,3.08469130135414,4.48993956085992,0.029378012393849,4.45566521306709,1.88019279320633,0.029378012393849,1,1,-0.249342650535895,1,0,-1,0,0,0,1,right
4.89143906357586,0.029378012393849,4.68579297681891,1.16043148955703,1.57172366307092,4.30387881569888,4.19615943692143,1.88019279320633,0.029378012393849,1,0,0.26090721421869,0,0,-1,0,1,1,1,right
3.5988065182465,1.63537602325759,0.029378012393849,3.56453217045368,3.25606304031826,0.519011552291332,3.81424527580139,1.76757707902991,1.63537602325759,1,1,-0.342201767752215,1,0,-1,0,0,0,1,left
4.86206105118201,0.029378012393849,4.90612806977278,0.905822048810344,3.21199602172749,1.13594981256216,4.34304949889067,1.78226608522684,0.029378012393849,1,0,0.238992228507134,1,0,-1,0,0,1,1,right
3.5400504934588,1.78716242062581,0.519011552291332,3.4812944686711,3.09938030755107,1.61579068166169,0.029378012393849,3.45681279167623,1.78716242062581,1,1,-0.259160735996439,1,1,-1,0,0,0,0,left
4.74454900160661,0.029378012393849,4.69558564761686,1.19470583734986,1.98301583658481,3.11896564914697,3.89748297758396,1.91446714099916,0.029378012393849,1,0,0.302631141336238,0,0,-1,0,1,1,1,right
3.68204422002907,1.67454670644939,0.391706831917986,3.56942850585265,3.13365465534389,1.52765664448015,1.18980950195088,3.17772167393466,1.67454670644939,1,1,-0.295613965423696,1,1,-1,0,0,0,0,left
4.90612806977278,0.029378012393849,4.79351235559636,1.07719378777446,4.09823272894193,0.72955397444725,0.029378012393849,4.09823272894193,0.029378012393849,1,0,0.253943662540028,1,1,-1,0,0,1,0,right
3.70162956162497,1.31221788692525,0.029378012393849,3.64287353683727,0.538596893887231,4.95019508836355,1.03312676918369,3.31971540050493,1.31221788692525,1,1,-0.280618617299689,0,1,-1,0,1,0,0,left
4.92571341136868,0.029378012393849,4.26960446790605,1.31221788692525,4.05416571035116,0.440670185907735,4.94529875296458,1.58641266926785,0.029378012393849,1,0,0.173770799915855,1,0,-1,0,0,1,1,right
3.7359039094178,1.23877285594063,0.029378012393849,3.6379772014383,3.00145359957157,0.318261800933364,1.50317496748527,3.08469130135414,1.23877285594063,1,1,-0.273839687406224,1,1,-1,0,0,0,0,left
4.3381531634917,0.347639813327213,4.84737204498508,1.21429117894576,3.33930074210083,0.029378012393849,4.00520235636141,1.94874148879198,0.347639813327213,1,0,0.372470165041082,1,0,-1,0,0,1,1,right
3.66245887843317,1.3220105577232,0.029378012393849,3.79465993420549,0.998852421390865,4.94529875296458,4.279397138704,1.49338229668732,1.3220105577232,1,1,-0.238990139421403,0,0,-1,0,1,0,1,left
4.91592074057073,0.029378012393849,4.93550608216663,1.42972993650065,3.26095937571724,1.75288807283299,4.18147043072451,1.88998546400428,0.029378012393849,1,0,0.410054314973753,1,0,-1,0,0,1,1,right
3.76038558641267,0.029378012393849,4.72006732461174,1.5374493152781,0.190957080560018,4.95509142376253,4.84737204498508,1.29752888072833,0.029378012393849,1,0,0.750935209667387,0,0,-1,0,1,1,1,left
4.9208170759697,0.029378012393849,4.59276260423839,1.56682732767195,1.50807130288425,4.02968403335629,4.03947670415423,1.83612577461556,0.029378012393849,1,0,0.290645632397691,0,0,-1,0,1,1,1,right
3.41274577308546,1.82633310381761,0.474944533700559,3.54494682885778,0.910718384209318,4.95509142376253,1.13105347716319,3.25116670491929,1.82633310381761,1,1,-0.247434804950579,0,1,-1,0,1,0,0,left
4.67600030602096,0.029378012393849,4.68579297681891,1.18001683115293,3.16792900313671,0.954785402800092,4.14229974753271,1.99280850738276,0.029378012393849,1,0,0.322367921968816,1,0,-1,0,0,1,1,right
3.65266620763522,1.46400428429347,0.029378012393849,3.64776987223625,0.597352918674929,4.95509142376253,4.23043378471425,1.46400428429347,1.46400428429347,1,1,-0.292174784601284,0,0,-1,0,1,0,1,left
4.92571341136868,0.029378012393849,4.9404024175656,1.03802310458266,3.83872695279627,0.455359192104659,0.029378012393849,4.06395838114911,0.029378012393849,1,0,0.284351114992413,1,1,-1,0,0,1,0,right
3.70162956162497,1.33180322852115,0.029378012393849,3.71142223242292,0.979267079794966,4.95019508836355,1.4003519241068,3.04062428276337,1.33180322852115,1,1,-0.241959323163138,0,1,-1,0,1,0,0,left
4.91102440517175,0.029378012393849,4.89633539897483,1.26325453293551,1.46890061969245,3.63308086603932,4.06395838114911,1.88019279320633,0.029378012393849,1,0,0.331713510566998,0,0,-1,0,1,1,1,right
3.56942850585265,1.77736974982786,0.029378012393849,3.59391018284752,3.12875831994492,1.77247341442889,1.3415958993191,3.00145359957157,1.77736974982786,1,1,-0.358964092122796,1,1,-1,0,0,0,0,left
4.61724428123327,0.029378012393849,4.72985999540969,1.14574248336011,3.14344732614184,0.58756024787698,4.01989136255834,1.98791217198378,0.029378012393849,1,0,0.341277842750164,1,0,-1,0,0,1,1,right
3.65266620763522,1.25346186213756,0.235024099150792,3.48619080407008,3.07489863055619,0.318261800933364,4.42628720067325,1.62558335245964,1.25346186213756,1,1,-0.24015280998864,1,0,-1,0,0,0,1,left
4.42628720067325,0.029378012393849,4.61724428123327,1.24366919133961,0.313365465534389,4.95019508836355,0.313365465534389,3.73100757401882,0.029378012393849,1,0,0.398245299387306,0,1,-1,0,1,1,0,right
3.52536148726188,1.95363782419096,0.621834595669803,3.54494682885778,3.13855099074287,1.68433937724734,0.70996863285135,3.05041695356132,1.95363782419096,1,1,-0.284181111426185,1,1,-1,0,0,0,0,left
4.86695738658098,0.029378012393849,0.822584347027771,3.09448397215209,3.20709968632851,1.30732155152628,4.17657409532553,1.92915614719608,0.029378012393849,1,1,-0.188662867965253,1,0,-1,0,0,0,1,right
3.75548925101369,1.70882105424222,0.029378012393849,3.6183918598424,1.01354142758779,4.95019508836355,0.029378012393849,3.96603167316961,1.70882105424222,1,1,-0.367145308575194,0,1,-1,0,1,0,0,left
4.92571341136868,0.029378012393849,4.93550608216663,0.58756024787698,3.6379772014383,0.70996863285135,4.38711651748145,1.76268074363094,0.029378012393849,1,0,0.151235957208209,1,0,-1,0,0,1,1,right
3.696733226226,1.47379695509142,0.024481676994874,3.58901384744855,1.4591079488945,4.95509142376253,1.51296763828322,3.09448397215209,1.47379695509142,1,1,-0.305150903656097,0,1,-1,0,1,0,0,left
4.92571341136868,0.029378012393849,4.52421390865274,0.974370744395991,1.98301583658481,3.30502639430801,4.28429347410298,1.59620534006579,0.029378012393849,1,0,0.150556550353831,0,0,-1,0,1,1,1,right
3.05531328896029,0.337847142529263,0.57776757707903,3.36867875449468,3.25606304031826,1.63537602325759,1.74799173743401,3.11406931374799,0.337847142529263,1,1,0.111890694854457,1,1,-1,0,0,0,0,left
1.72351006043914,3.24627036952031,0.758931986841099,3.0161426057685,3.66245887843317,0.034274347792824,3.93175732537679,1.67944304184837,3.24627036952031,0,1,-0.165908461374134,1,0,-1,1,0,0,1,right
3.65266620763522,0.572871241680055,0.029378012393849,3.7163185678219,3.07979496595517,0.220335092953867,1.87040012240838,3.12386198454594,0.572871241680055,1,1,-0.08402889052169,1,1,-1,0,0,0,0,left
1.93405248259506,4.92571341136868,0.386810496519012,3.03572794736439,3.74080024481677,0.029378012393849,3.74080024481677,1.83122943921659,4.92571341136868,0,1,-0.495787847620227,1,0,-1,1,0,0,1,right
3.66735521383215,0.773620993038023,0.70996863285135,3.18261800933364,3.20709968632851,0.29378012393849,1.26325453293551,3.10917297834902,0.773620993038023,1,1,-0.098651996919691,1,1,-1,0,0,0,0,left
4.85226838038406,0.029378012393849,4.92571341136868,0.700175962053401,3.32950807130288,0.974370744395991,3.77997092800857,1.94384515339301,0.029378012393849,1,0,0.2024370221429,1,0,-1,0,0,1,1,right
3.6575625430342,1.3415958993191,0.024481676994874,3.54494682885778,3.14344732614184,0.181164409762069,1.45421161349552,3.22668502792441,1.3415958993191,1,1,-0.285343530214005,1,1,-1,0,0,0,0,left
4.83268303878816,0.029378012393849,0.57776757707903,3.11406931374799,3.07000229515722,0.964578073598041,3.89748297758396,1.91446714099916,0.029378012393849,1,1,-0.237462688168131,1,0,-1,0,0,0,1,right
3.20709968632851,1.66965037105042,0.984163415193941,3.29033738811109,3.16303266773774,1.19960217274883,1.36607757631398,3.00145359957157,1.66965037105042,1,1,-0.113051776362988,1,1,-1,0,0,0,0,left
4.89633539897483,0.029378012393849,4.9404024175656,0.773620993038023,1.42972993650065,4.36263484048657,4.14229974753271,1.76268074363094,0.029378012393849,1,0,0.209282675364834,0,0,-1,0,1,1,1,right
3.68204422002907,1.50317496748527,0.029378012393849,3.76038558641267,1.60599801086374,4.9599877591615,0.866651365618545,3.4617091270752,1.50317496748527,1,1,-0.291616624904717,0,1,-1,0,1,0,0,left
4.93060974676765,0.029378012393849,4.82778670338918,1.81164409762069,3.49108713946905,0.474944533700559,4.32836049269375,1.81654043301966,0.029378012393849,1,0,0.477365926167364,1,0,-1,0,0,1,1,right
3.73100757401882,1.87040012240838,0.029378012393849,3.92686098997781,3.24627036952031,1.86060745161044,0.528804223089282,3.07000229515722,1.87040012240838,1,1,-0.369138890011512,1,1,-1,0,0,0,0,left
4.24512279091118,0.024481676994874,4.55359192104659,1.15063881875909,1.41014459490475,3.82403794659934,4.14229974753271,1.99280850738276,0.024481676994874,1,0,0.416653363511327,0,0,-1,0,1,1,1,right
3.54494682885778,0.029378012393849,0.445566521306709,3.49108713946905,3.23158136332339,1.76757707902991,0.171371738964119,3.24627036952031,0.029378012393849,1,1,0.079381143169813,1,1,-1,0,0,0,0,left
4.88164639277791,0.029378012393849,4.40670185907735,1.17022416035498,1.45421161349552,3.43233111468136,3.06510595975824,1.89977813480223,0.029378012393849,1,0,0.196926515597178,0,0,-1,0,1,1,1,right
3.5596358350547,1.70882105424222,0.235024099150792,3.77017825721062,1.80674776222171,4.9599877591615,0.773620993038023,3.04062428276337,1.70882105424222,1,1,-0.27337738043618,0,1,-1,0,1,0,0,left
4.77392701400046,0.029378012393849,4.39201285288042,1.16532782495601,1.60110167546477,4.20595210771938,3.89258664218499,1.83122943921659,0.029378012393849,1,0,0.219040040637042,0,0,-1,0,1,1,1,right
3.42743477928238,1.65985770025247,0.592456583275954,3.20709968632851,3.07979496595517,1.38566291790988,0.832377017825721,3.30992272970698,1.65985770025247,1,1,-0.274057089705741,1,1,-1,0,0,0,0,left
4.91102440517175,0.029378012393849,1.25346186213756,3.0161426057685,1.97811950118583,3.500879810267,0.56797490628108,4.23043378471425,0.029378012393849,1,1,-0.129842722109355,0,1,-1,0,1,0,0,right
3.47639813327213,1.71371738964119,0.029378012393849,3.62818453064035,3.08469130135414,0.705072297452375,1.22408384974371,3.09448397215209,1.71371738964119,1,1,-0.33213059492977,1,1,-1,0,0,0,0,left
4.92571341136868,0.024481676994874,4.9404024175656,1.32690689312218,1.23877285594063,4.27450080330503,4.15209241833066,1.85571111621146,0.024481676994874,1,0,0.357735438860456,0,0,-1,0,1,1,1,right
3.47150179787315,1.98301583658481,0.029378012393849,3.60859918904445,3.30992272970698,0.117512049575396,0.974370744395991,3.22668502792441,1.98301583658481,1,1,-0.392478322573764,1,1,-1,0,0,0,0,left
4.90612806977278,0.029378012393849,4.9404024175656,0.984163415193941,3.29033738811109,0.239920434549767,3.83383061739729,1.79695509142376,0.029378012393849,1,0,0.263145535682058,1,0,-1,0,0,1,1,right
3.6183918598424,1.71371738964119,0.029378012393849,3.4812944686711,3.20709968632851,1.93405248259506,0.915614719608293,3.04552061816234,1.71371738964119,1,1,-0.373653967678927,1,1,-1,0,0,0,0,left
4.92571341136868,0.029378012393849,4.74454900160661,1.19960217274883,4.02478769795731,1.10657180016831,0.029378012393849,3.96603167316961,0.029378012393849,1,0,0.268474519693866,1,1,-1,0,0,1,0,right
3.44702012087828,1.92915614719608,0.068548695585648,3.81914161120037,3.14344732614184,0.249713105347716,0.029378012393849,3.27075204651519,1.92915614719608,1,1,-0.327216503681604,1,1,-1,0,0,0,0,left
4.00030602096244,0.944992732002142,4.94529875296458,0.807895340830847,0.705072297452375,4.02478769795731,4.02478769795731,1.74309540203504,0.944992732002142,1,0,0.234618388364582,0,0,-1,0,1,1,1,right
3.39805676688853,0.029378012393849,1.19960217274883,3.0161426057685,3.18751434473261,1.99280850738276,3.81914161120037,1.15553515415806,0.029378012393849,1,1,0.193490639872807,1,0,-1,0,0,0,1,left
4.9012317343738,0.029378012393849,4.9404024175656,0.959681738199066,3.62818453064035,0.029378012393849,3.92196465457884,1.88019279320633,0.029378012393849,1,0,0.274809534483182,1,0,-1,0,0,1,1,right
3.47639813327213,0.029378012393849,0.127304720373346,3.59391018284752,3.22178869252544,1.79205875602479,0.210542422155918,3.20709968632851,0.029378012393849,1,1,0.046739463788639,1,1,-1,0,0,0,0,left
4.92571341136868,0.029378012393849,4.9404024175656,1.35628490551603,3.696733226226,0.543493229286206,4.14719608293168,1.78716242062581,0.029378012393849,1,0,0.364619728292092,1,0,-1,0,0,1,1,right
3.5792211766506,1.32690689312218,0.029378012393849,3.49598347486803,3.05041695356132,1.58151633386887,0.396603167316961,3.36378241909571,1.32690689312218,1,1,-0.262426490197143,1,1,-1,0,0,0,0,left
4.85716471578303,0.029378012393849,0.656108943462627,3.01124627036952,3.09448397215209,0.959681738199066,3.93175732537679,1.90957080560018,0.029378012393849,1,1,-0.225854298887935,1,0,-1,0,0,0,1,right
3.42743477928238,0.029378012393849,0.029378012393849,4.06395838114911,3.23647769872236,0.337847142529263,0.641419937265703,3.63308086603932,0.029378012393849,1,1,0.130844631577597,1,1,-1,0,0,0,0,left
4.93060974676765,0.029378012393849,4.78861602019738,1.09188279397139,3.83383061739729,1.50317496748527,0.029378012393849,4.03458036875526,0.029378012393849,1,0,0.244768455031795,1,1,-1,0,0,1,0,right
3.64776987223625,0.024481676994874,0.117512049575396,3.7163185678219,3.14344732614184,0.450462856705684,0.685486955856476,3.18751434473261,0.024481676994874,1,1,0.033680639902475,1,1,-1,0,0,0,0,left
4.93060974676765,0.029378012393849,4.49973223165787,1.27304720373346,4.2598117971081,0.15178639736822,4.95019508836355,1.80674776222171,0.029378012393849,1,0,0.215810194817373,1,0,-1,0,0,1,1,right
3.61349552444342,1.32690689312218,3.39805676688853,1.01354142758779,0.896029378012394,4.95509142376253,0.42598117971081,3.25116670491929,1.32690689312218,1,0,-0.153241520674126,0,1,-1,0,1,1,0,left
4.93060974676765,0.029378012393849,4.58786626883942,0.807895340830847,3.696733226226,1.3220105577232,4.65151862902609,1.64516869405554,0.029378012393849,1,0,0.113518841630699,1,0,-1,0,0,1,1,right
3.70652589702395,1.09188279397139,0.416188508912861,3.63308086603932,0.891133042613419,4.95509142376253,0.954785402800092,3.20709968632851,1.09188279397139,1,1,-0.173764533559686,0,1,-1,0,1,0,0,left
4.92571341136868,0.024481676994874,4.9404024175656,1.11146813556729,3.85341595899319,0.176268074363094,4.30877515109785,1.57172366307092,0.024481676994874,1,0,0.299280550281264,1,0,-1,0,0,1,1,right
3.7163185678219,1.05760844617856,4.2598117971081,1.58151633386887,0.372121490322087,4.9599877591615,1.77736974982786,3.00634993497055,1.05760844617856,1,0,0.301702116652662,0,1,-1,0,1,1,0,left
4.71027465381379,0.029378012393849,4.9404024175656,0.998852421390865,3.28054471731314,0.029378012393849,0.102823043378471,3.89258664218499,0.029378012393849,1,0,0.333206372320514,1,1,-1,0,0,1,0,right
3.68204422002907,1.57172366307092,0.308469130135414,3.4812944686711,3.01124627036952,0.886236707214444,4.72496366001071,1.44441894269758,1.57172366307092,1,1,-0.300476978585847,1,0,-1,0,0,0,1,left
4.92571341136868,0.029378012393849,4.62703695203121,1.20449850814781,3.80934894040242,0.029378012393849,4.40180552367837,1.75288807283299,0.029378012393849,1,0,0.233270189669651,1,0,-1,0,0,1,1,right
3.60859918904445,1.91936347639813,0.102823043378471,3.63308086603932,3.09448397215209,1.78226608522684,3.85341595899319,1.30732155152628,1.91936347639813,1,1,-0.373415521445089,1,0,-1,0,0,0,1,left
4.71517098921276,0.029378012393849,4.87185372197996,1.02823043378471,3.12875831994492,0.171371738964119,0.048963353989748,3.49108713946905,0.029378012393849,1,0,0.320928690065447,1,1,-1,0,0,1,0,right
3.58411751204958,0.029378012393849,0.215438757554892,3.24137403412134,3.0161426057685,0.27419478234259,1.15063881875909,3.18261800933364,0.029378012393849,1,1,-0.032278676990361,1,1,-1,0,0,0,0,left
4.92571341136868,0.029378012393849,4.74454900160661,1.3220105577232,3.00145359957157,0.900925713411369,4.38711651748145,1.80185142682274,0.029378012393849,1,0,0.301982326017339,1,0,-1,0,0,1,1,right
3.6771478846301,1.50807130288425,0.029378012393849,3.49108713946905,3.03083161196542,0.592456583275954,1.41504093030373,3.0161426057685,1.50807130288425,1,1,-0.332411727328422,1,1,-1,0,0,0,0,left
4.83757937418713,0.029378012393849,4.86695738658098,1.33669956392013,0.749139316043149,4.76413434320251,4.83268303878816,1.56682732767195,0.029378012393849,1,0,0.387978599628476,0,0,-1,0,1,1,1,right
3.50577614566598,0.029378012393849,4.28429347410298,1.08698645857241,3.30502639430801,0.347639813327213,0.744242980644174,3.50577614566598,0.029378012393849,1,0,0.585977725330497,1,1,-1,0,0,1,0,left
4.92571341136868,0.029378012393849,4.94529875296458,0.754035651442124,4.2206411139163,0.479840869099533,3.81914161120037,1.74309540203504,0.029378012393849,1,0,0.193154490527712,1,0,-1,0,0,1,1,right
3.85831229439217,0.029378012393849,0.621834595669803,3.58901384744855,1.45421161349552,4.9599877591615,0.166475403565144,3.6379772014383,0.029378012393849,1,1,0.0749445011047,0,1,-1,0,1,0,0,left
4.9208170759697,0.029378012393849,4.93550608216663,0.822584347027771,3.90727564838191,0.029378012393849,4.76413434320251,1.87040012240838,0.029378012393849,1,0,0.202277180760868,1,0,-1,0,0,1,1,right
3.6183918598424,1.58641266926785,0.029378012393849,3.70652589702395,1.61579068166169,4.95509142376253,0.827480682426746,3.30013005890904,1.58641266926785,1,1,-0.306780104047959,0,1,-1,0,1,0,0,left
4.92571341136868,0.029378012393849,4.93550608216663,0.876444036416494,3.7163185678219,0.186060745161044,3.87300130058909,1.84591844541351,0.029378012393849,1,0,0.222569250941839,1,0,-1,0,0,1,1,right
3.60370285364547,1.12615714176421,0.024481676994874,3.74569658021574,0.288883788539515,4.9599877591615,0.817688011628797,3.26095937571724,1.12615714176421,1,1,-0.18769027263862,0,1,-1,0,1,0,0,left
4.92571341136868,0.029378012393849,4.9404024175656,0.714864968250325,3.77507459260959,0.029378012393849,4.40670185907735,1.70392471884324,0.029378012393849,1,0,0.159693178110816,1,0,-1,0,0,1,1,right
3.61349552444342,1.361181240915,0.029378012393849,3.74569658021574,3.04552061816234,0.342743477928238,1.14084614796114,3.20220335092954,1.361181240915,1,1,-0.243082315641581,1,1,-1,0,0,0,0,left
4.56828092724352,0.029378012393849,0.675694285058527,3.10917297834902,3.13365465534389,0.391706831917986,3.62818453064035,1.89977813480223,0.029378012393849,1,1,-0.146116444938377,1,0,-1,0,0,0,1,right
3.74569658021574,1.17512049575396,0.264402111544641,3.36867875449468,0.337847142529263,4.9599877591615,1.13105347716319,3.08958763675312,1.17512049575396,1,1,-0.257047035538459,0,1,-1,0,1,0,0,left
4.93060974676765,0.029378012393849,4.94529875296458,1.23387652054166,3.21689235712646,1.06740111697651,4.01009869176039,1.90467447020121,0.029378012393849,1,0,0.322385035811961,1,0,-1,0,0,1,1,right
3.23158136332339,1.99280850738276,0.411292173513886,3.42253844388341,3.29033738811109,1.28773620993038,1.21429117894576,3.16303266773774,1.99280850738276,1,1,-0.29008229328779,1,1,-1,0,0,0,0,left
4.92571341136868,0.029378012393849,1.10167546476934,3.01124627036952,3.92196465457884,0.029378012393849,3.93665366077576,1.93405248259506,0.029378012393849,1,1,-0.159855538882834,1,0,-1,0,0,0,1,right
3.58901384744855,0.029378012393849,0.024481676994874,3.64776987223625,3.05531328896029,1.82143676841864,1.53255297987912,3.05041695356132,0.029378012393849,1,1,0.011056974130157,1,1,-1,0,0,0,0,left
4.93060974676765,0.029378012393849,4.9404024175656,0.881340371815469,3.53025782266085,0.029378012393849,3.77507459260959,1.88508912860531,0.029378012393849,1,0,0.219485522930512,1,0,-1,0,0,1,1,right
3.5400504934588,1.4982786320863,0.039170683191799,3.73100757401882,1.76757707902991,4.9599877591615,0.832377017825721,3.02593527656644,1.4982786320863,1,1,-0.278773596635708,0,1,-1,0,1,0,0,left
4.74454900160661,0.029378012393849,4.77882334939943,0.984163415193941,3.4617091270752,0.27419478234259,3.6379772014383,1.83612577461556,0.029378012393849,1,0,0.268800870090544,1,0,-1,0,0,1,1,right
3.40295310228751,0.029378012393849,0.029378012393849,3.72121490322087,1.80674776222171,4.95019508836355,0.954785402800092,3.07489863055619,0.029378012393849,1,1,0.071107621791164,0,1,-1,0,1,0,0,left
4.91592074057073,0.029378012393849,4.81309769719226,1.22408384974371,4.69558564761686,0.122408384974371,3.91217198378089,1.73819906663606,0.029378012393849,1,0,0.297416158997637,1,0,-1,0,0,1,1,right
3.25606304031826,0.024481676994874,0.607145589472879,3.4812944686711,1.54234565067707,4.95509142376253,0.974370744395991,3.13365465534389,0.024481676994874,1,1,0.177092403665866,0,1,-1,0,1,0,0,left
4.65641496442506,0.029378012393849,4.71517098921276,1.31711422232423,3.26585571111621,0.959681738199066,0.029378012393849,3.02103894116747,0.029378012393849,1,0,0.399561198913791,1,1,-1,0,0,1,0,right
3.37357508989366,1.63537602325759,1.20939484354678,3.08469130135414,3.38336776069161,0.910718384209318,0.72955397444725,3.31481906510596,1.63537602325759,1,1,-0.144777199640728,1,1,-1,0,0,0,0,left
4.92571341136868,0.029378012393849,4.93550608216663,1.15553515415806,1.91446714099916,4.40180552367837,4.70537831841481,1.66965037105042,0.029378012393849,1,0,0.295355491589901,0,0,-1,0,1,1,1,right
3.25606304031826,0.029378012393849,0.940096396603167,3.49598347486803,3.15323999693979,0.563078570882105,0.876444036416494,3.22668502792441,0.029378012393849,1,1,0.261360143355213,1,1,-1,0,0,0,0,left
3.07979496595517,0.029378012393849,4.94529875296458,1.16532782495601,1.90957080560018,3.86320862979114,3.10427664295004,1.98791217198378,0.029378012393849,1,0,0.693546099903482,0,0,-1,0,1,1,1,right
3.36867875449468,0.029378012393849,0.225231428352842,3.42743477928238,1.95853415958993,4.95509142376253,4.66620763522301,0.636523601866728,0.029378012393849,1,1,0.056090353245922,0,0,-1,0,1,0,1,left
4.92571341136868,0.029378012393849,4.86695738658098,1.48358962588937,3.51556881646393,0.602249254073904,3.96113533777064,1.82143676841864,0.029378012393849,1,0,0.404745680684214,1,0,-1,0,0,1,1,right
3.30992272970698,0.029378012393849,0.024481676994874,3.63308086603932,3.19730701553056,1.78716242062581,0.998852421390865,3.04552061816234,0.029378012393849,1,1,0.067823766036322,1,1,-1,0,0,0,0,left
1.65985770025247,4.279397138704,0.984163415193941,3.44212378547931,1.99280850738276,4.95509142376253,1.97322316578686,3.19241068013159,4.279397138704,0,1,-0.26740702269837,0,1,-1,1,1,0,0,left
1.74799173743401,3.97582434396756,0.088134037181547,3.99051335016449,1.50807130288425,3.5988065182465,4.28429347410298,1.72840639583811,3.97582434396756,0,1,-0.582170200195325,0,0,-1,1,1,0,1,right
1.78226608522684,3.91706831917986,0.7197613036493,3.23158136332339,1.85081478081249,3.70162956162497,0.940096396603167,3.36378241909571,3.91706831917986,0,1,-0.301375992792834,0,1,-1,1,1,0,0,left
1.96832683038788,4.10312906434091,4.41159819447632,1.67454670644939,3.15813633233877,1.25346186213756,4.21084844311835,1.82143676841864,4.10312906434091,0,0,0.003059245504285,1,0,-1,1,0,1,1,right
1.67944304184837,4.25491546170913,0.763828322240073,3.10427664295004,3.07489863055619,0.13220105577232,0.832377017825721,3.32461173590391,4.25491546170913,0,1,-0.330398503577389,1,1,-1,1,0,0,0,left
3.97092800856859,0.063652360186673,4.69558564761686,1.98301583658481,3.58411751204958,1.57172366307092,4.01499502715936,1.89977813480223,0.063652360186673,1,0,0.589494855187807,1,0,-1,0,0,1,1,right
1.66475403565144,3.87300130058909,0.225231428352842,3.56453217045368,1.93405248259506,3.86320862979114,0.029378012393849,3.28054471731314,3.87300130058909,0,1,-0.333915670602687,0,1,-1,1,1,0,0,left
3.98561701476551,1.557034656874,0.029378012393849,4.54869558564762,1.44931527809655,4.40670185907735,3.76038558641267,1.92915614719608,1.557034656874,1,1,-0.359615528485145,0,0,-1,0,1,0,1,right
1.84591844541351,4.04926937495218,0.13220105577232,3.47639813327213,1.75288807283299,3.70652589702395,0.548389564685181,3.35888608369673,4.04926937495218,0,1,-0.384925421932654,0,1,-1,1,1,0,0,left
3.86810496519012,0.313365465534389,0.328054471731314,4.43118353607222,3.66735521383215,0.044067018590774,4.16678142452758,1.82143676841864,0.313365465534389,1,1,0.230197460026651,1,0,-1,0,0,0,1,right
1.64027235865657,3.66245887843317,0.754035651442124,3.13365465534389,1.87040012240838,3.74080024481677,3.45681279167623,1.11146813556729,3.66245887843317,0,1,-0.244413248115362,0,0,-1,1,1,0,1,left
1.79205875602479,3.10427664295004,0.509218881493382,3.54494682885778,1.73330273123709,3.37357508989366,4.2989824802999,1.66475403565144,3.10427664295004,0,1,-0.239422380309542,0,0,-1,1,1,0,1,right
1.89977813480223,3.99540968556346,0.445566521306709,3.35398974829776,1.99770484278173,3.62818453064035,0.99395608599189,3.21689235712646,3.99540968556346,0,1,-0.356770132912903,0,1,-1,1,1,0,0,left
4.07375105194706,0.793206334633922,0.602249254073904,3.5792211766506,3.77997092800857,0.558182235483131,4.77882334939943,1.64516869405554,0.793206334633922,1,1,-0.272534689446669,1,0,-1,0,0,0,1,right
1.85081478081249,3.49108713946905,0.176268074363094,3.37357508989366,1.94384515339301,3.61349552444342,0.048963353989748,3.31971540050493,3.49108713946905,0,1,-0.352024934077853,0,1,-1,1,1,0,0,left
3.97092800856859,1.23877285594063,4.57807359804147,1.98301583658481,3.12875831994492,1.95853415958993,4.11781807053783,1.81654043301966,1.23877285594063,1,0,0.297736045566414,1,0,-1,0,0,1,1,right
1.86550378700941,3.65266620763522,0.386810496519012,3.06510595975824,3.18751434473261,0.171371738964119,4.95019508836355,0.979267079794966,3.65266620763522,0,1,-0.325131411870844,1,0,-1,1,0,0,1,left
3.70652589702395,1.93894881799403,4.30877515109785,1.95363782419096,3.5792211766506,1.25346186213756,4.23533012011323,1.75778440823196,1.93894881799403,1,0,0.182780433117005,1,0,-1,0,0,1,1,right
1.97811950118583,3.81424527580139,0.445566521306709,3.21689235712646,1.95853415958993,3.16303266773774,1.02333409838574,3.15323999693979,3.81424527580139,0,1,-0.331596986109923,0,1,-1,1,1,0,0,left
3.43722745008033,1.59130900466682,4.13740341213373,1.97811950118583,3.4617091270752,0.401499502715936,4.09333639354296,1.96343049498891,1.59130900466682,1,0,0.217006212156004,1,0,-1,0,0,1,1,right
1.98301583658481,3.76528192181164,0.313365465534389,3.30013005890904,1.89977813480223,3.62328819524137,0.847066024022646,3.11896564914697,3.76528192181164,0,1,-0.353365773797925,0,1,-1,1,1,0,0,left
3.87789763598807,0.445566521306709,4.4360798714712,1.96343049498891,3.40784943768648,0.607145589472879,3.90727564838191,1.80674776222171,0.445566521306709,1,0,0.420764861557592,1,0,-1,0,0,1,1,right
1.80674776222171,3.84362328819524,1.01843776298676,3.38826409609058,1.76757707902991,3.29033738811109,1.30732155152628,3.43722745008033,3.84362328819524,0,1,-0.229922619482962,0,1,-1,1,1,0,0,left
4.93550608216663,0.029378012393849,4.50952490245582,1.80674776222171,3.19241068013159,0.798102670032897,3.86810496519012,1.81654043301966,0.029378012393849,1,0,0.249405826506205,1,0,-1,0,0,1,1,right
1.86550378700941,3.95134266697269,1.11146813556729,3.69183689082702,3.17772167393466,0.504322546094407,1.22898018514268,3.6771478846301,3.95134266697269,0,1,-0.18995229651378,1,1,-1,1,0,0,0,left
4.18147043072451,0.58756024787698,3.87300130058909,1.42483360110168,3.44702012087828,0.802999005431872,4.65641496442506,1.29263254532936,0.58756024787698,1,0,0.146839944109937,1,0,-1,0,0,1,1,right
1.95853415958993,4.06395838114911,0.582663912478005,3.30013005890904,1.95853415958993,3.92686098997781,0.337847142529263,3.06510595975824,4.06395838114911,0,1,-0.364370777936121,0,1,-1,1,1,0,0,left
3.03572794736439,0.029378012393849,4.48993956085992,1.97322316578686,3.47639813327213,1.67944304184837,4.24512279091118,1.48848596128835,0.029378012393849,1,0,0.62908983204187,1,0,-1,0,0,1,1,right
1.81164409762069,4.23533012011323,0.499426210695433,3.40784943768648,1.83122943921659,3.71142223242292,0.949889067401117,3.38826409609058,4.23533012011323,0,1,-0.350646369391059,0,1,-1,1,1,0,0,left
4.19126310152245,0.264402111544641,4.27450080330503,1.82633310381761,3.05531328896029,1.46890061969245,3.99540968556346,1.63047968785862,0.264402111544641,1,0,0.49758363821353,1,0,-1,0,0,1,1,right
1.97811950118583,4.11781807053783,0.788309999234948,3.45681279167623,1.85081478081249,3.84362328819524,1.70882105424222,3.24137403412134,4.11781807053783,0,1,-0.31377417765564,0,1,-1,1,1,0,0,left
4.93060974676765,0.029378012393849,4.40670185907735,1.93894881799403,3.49598347486803,0.592456583275954,4.3577385050876,1.79205875602479,0.029378012393849,1,0,0.264387748485272,1,0,-1,0,0,1,1,right
1.96343049498891,4.08354372274501,0.778517328436998,3.29523372351006,1.72840639583811,3.83383061739729,0.763828322240073,3.28544105271211,4.08354372274501,0,1,-0.360184499443922,0,1,-1,1,1,0,0,left
4.00520235636141,0.029378012393849,3.94154999617474,1.58641266926785,3.40784943768648,0.073445030984623,4.84247570958611,1.87529645780736,0.029378012393849,1,0,0.414645098031124,1,0,-1,0,0,1,1,right
1.77736974982786,4.10802539973988,0.812791676229822,3.35888608369673,3.56453217045368,1.14084614796114,1.06740111697651,3.04552061816234,4.10802539973988,0,1,-0.311239480176113,1,1,-1,1,0,0,0,left
1.98791217198378,4.06885471654808,0.626730931068778,3.36378241909571,3.21199602172749,0.793206334633922,1.20939484354678,3.10917297834902,4.06885471654808,0,1,-0.366295174638694,1,1,-1,1,0,0,0,left
1.91446714099916,3.50577614566598,0.43577385050876,3.500879810267,3.45191645627725,1.16043148955703,0.7197613036493,3.12386198454594,3.50577614566598,0,1,-0.263277480100953,1,1,-1,1,0,0,0,left
3.41274577308546,1.35138857011705,1.42972993650065,3.0161426057685,3.27564838191416,0.866651365618545,3.28054471731314,1.93894881799403,1.35138857011705,1,1,-0.06531003738018,1,0,-1,0,0,0,1,right
1.74309540203504,3.71142223242292,0.465151862902609,3.48619080407008,4.23043378471425,1.59620534006579,0.949889067401117,3.24627036952031,3.71142223242292,0,1,-0.278246245761208,1,1,-1,1,0,0,0,left
1.58151633386887,3.86810496519012,1.31221788692525,3.14834366154082,3.65266620763522,1.31711422232423,0.989059750592916,3.13365465534389,3.86810496519012,0,1,-0.168503922121278,1,1,-1,1,0,0,0,left
4.34794583428965,0.758931986841099,4.10312906434091,1.62558335245964,4.32346415729478,0.298676459337465,3.72611123861985,1.59130900466682,0.758931986841099,1,0,0.161107787081981,1,0,-1,0,0,1,1,right
4.06885471654808,0.72955397444725,4.38222018208247,1.18491316655191,3.60859918904445,1.41014459490475,3.80934894040242,1.89977813480223,0.72955397444725,1,0,0.196450491380412,1,0,-1,0,0,1,1,right
1.79695509142376,3.99051335016449,0.925407390406243,3.46660546247418,3.44212378547931,1.13594981256216,4.10802539973988,1.25835819753653,3.99051335016449,0,1,-0.237887362140526,1,0,-1,1,0,0,1,left
1.92915614719608,4.13250707673476,0.386810496519012,3.41274577308546,1.77736974982786,3.86320862979114,0.337847142529263,3.17772167393466,4.13250707673476,0,1,-0.390644725438837,0,1,-0.311124677546774,1,1,0,0,left
1.97322316578686,4.70537831841481,1.14574248336011,3.11896564914697,1.78226608522684,4.3185678218958,3.6771478846301,1.01354142758779,4.70537831841481,0,1,-0.422201794800706,0,0,-0.30640008867785,1,1,0,1,left
4.22553744931528,0.328054471731314,3.99540968556346,1.29752888072833,1.02333409838574,3.95134266697269,3.10427664295004,1.98301583658481,0.328054471731314,1,0,0.222835070325228,0,0,0.021683208424476,0,1,1,1,right
1.87040012240838,4.14719608293168,1.76268074363094,3.41274577308546,1.85081478081249,3.49598347486803,0.029378012393849,3.12386198454594,4.14719608293168,0,1,-0.140098728795918,0,1,-0.343694037725794,1,1,0,0,left
1.81654043301966,3.696733226226,0.504322546094407,3.47150179787315,3.32950807130288,0.538596893887231,3.26585571111621,1.80674776222171,3.696733226226,0,1,-0.268239039453198,1,0,0.269589562208954,1,0,0,1,left
3.51556881646393,1.18001683115293,3.90237931298294,1.46400428429347,1.37097391171295,3.70652589702395,3.76038558641267,1.92915614719608,1.18001683115293,1,0,0.177037050677721,0,0,0.122965035546894,0,1,1,1,right
1.74309540203504,3.75548925101369,0.886236707214444,3.43722745008033,3.23158136332339,1.66965037105042,0.85196235942162,3.06510595975824,3.75548925101369,0,1,-0.188441227684228,1,1,-0.154163438925707,1,0,0,0,left
3.08958763675312,0.181164409762069,4.25491546170913,1.98791217198378,0.979267079794966,4.68089664141994,3.77017825721062,1.96832683038788,0.181164409762069,1,0,0.500369865887758,0,0,0.016233173073062,0,1,1,1,right
1.86060745161044,3.64287353683727,1.09677912937036,3.66735521383215,1.82633310381761,3.40784943768648,0.910718384209318,3.28544105271211,3.64287353683727,0,1,-0.129333003778943,0,1,-0.150335286372288,1,1,0,0,left
3.34909341289878,1.64027235865657,3.07489863055619,1.3807665825109,3.84851962359422,0.646316272664677,3.13365465534389,1.22898018514268,1.64027235865657,1,0,-0.093322112204599,1,0,-0.026175415529001,0,0,1,1,right
1.80674776222171,3.77997092800857,0.538596893887231,3.39316043148956,3.30502639430801,0.083237701782572,3.23158136332339,1.63047968785862,3.77997092800857,0,1,-0.275216963765912,1,0,0.331036889022306,1,0,0,1,left
3.40295310228751,1.4199372657027,4.30877515109785,1.10167546476934,4.46545788386505,0.029378012393849,3.01124627036952,1.87040012240838,1.4199372657027,1,0,0.101457807876003,1,0,0.070416029568801,0,0,1,1,right
1.72351006043914,3.58901384744855,1.09677912937036,3.43722745008033,3.75059291561472,0.626730931068778,4.94529875296458,1.70882105424222,3.58901384744855,0,1,-0.134463880103286,1,0,0.538097926940665,1,0,0,1,left
3.90237931298294,0.029378012393849,4.44587254226915,1.66475403565144,3.43722745008033,0.543493229286206,4.73475633080866,1.20449850814781,0.029378012393849,1,0,0.564207981199085,1,0,0.527460358046172,0,0,1,1,right
1.91936347639813,3.5400504934588,0.494529875296458,3.06510595975824,3.07979496595517,1.4199372657027,1.29752888072833,3.04552061816234,3.5400504934588,0,1,-0.290197162242118,1,1,-0.024208267562081,1,0,0,0,left
4.93060974676765,0.029378012393849,4.2010557723204,1.25346186213756,4.52421390865274,0.029378012393849,4.4360798714712,1.80674776222171,0.029378012393849,1,0,0.118967393140312,1,0,0.288073046699468,0,0,1,1,right
1.75778440823196,3.67225154923112,4.35284216968862,1.83122943921659,1.92915614719608,3.17282533853569,4.95509142376253,1.99770484278173,3.67225154923112,0,0,0.14510448750714,0,0,0.323780263722166,1,1,1,1,left
3.79955626960447,0.029378012393849,3.18751434473261,1.52765664448015,1.91446714099916,4.16678142452758,4.08354372274501,0.954785402800092,0.029378012393849,1,0,0.213051573305164,0,0,-0.206498687965379,0,1,1,1,right
1.88019279320633,3.66735521383215,0.029378012393849,3.45191645627725,1.92425981179711,4.15209241833066,1.3024252161273,3.02103894116747,3.66735521383215,0,1,-0.33530743608663,0,1,-0.262324623132952,1,1,0,0,left
1.82143676841864,3.35888608369673,0.029378012393849,3.63308086603932,3.00634993497055,0.406395838114911,0.097926707979497,3.08469130135414,3.35888608369673,0,1,-0.258194335569631,1,1,-0.038663479458925,1,0,0,0,left
1.85571111621146,3.77017825721062,0.910718384209318,3.47150179787315,3.01124627036952,0.239920434549767,0.616938260270829,3.18261800933364,3.77017825721062,0,1,-0.184149448532799,1,1,0.108658318937628,1,0,0,0,left
1.80185142682274,4.53890291484967,0.602249254073904,3.4617091270752,1.94874148879198,3.33440440670186,0.372121490322087,3.4812944686711,4.53890291484967,0,1,-0.340554907579503,0,1,-0.192480824419256,1,1,0,0,left
3.80934894040242,1.20449850814781,1.49338229668732,3.24137403412134,3.70652589702395,1.12615714176421,4.81799403259123,1.08209012317344,1.20449850814781,1,0,0.07450694873125,1,0,0.250637064632273,0,0,1,1,right
4.06395838114911,1.05760844617856,4.17657409532553,1.24366919133961,4.08354372274501,0.215438757554892,3.94154999617474,1.75288807283299,1.05760844617856,0,1,-0.232956998557392,1,1,-0.142786839376105,1,0,0,0,left
1.85081478081249,3.58901384744855,0.72955397444725,3.34419707749981,3.83383061739729,1.42972993650065,1.27794353913243,3.08469130135414,3.58901384744855,1,0,0.250414753460766,1,1,0.070671379194397,0,0,1,0,right
3.99540968556346,0.543493229286206,4.39201285288042,1.15063881875909,4.20595210771938,0.029378012393849,1.72351006043914,3.02593527656644,0.543493229286206,0,1,-0.198100006074216,1,1,-0.033278725737353,1,0,0,0,left
1.77247341442889,4.29408614490093,1.23387652054166,3.50577614566598,3.31481906510596,1.66965037105042,1.49338229668732,3.27564838191416,4.29408614490093,1,0,0.044362171533189,1,0,0.260455203374305,0,0,1,1,right
4.67110397062199,1.42483360110168,4.62703695203121,1.65006502945452,3.66735521383215,0.56797490628108,3.89748297758396,1.86550378700941,1.42483360110168,0,1,-0.309897882787696,1,1,0.018848090453406,1,0,0,0,left
1.77247341442889,4.3185678218958,0.954785402800092,3.38826409609058,3.53515415805983,0.156682732767195,0.680590620457501,3.12875831994492,4.3185678218958,1,0,0.250621758585356,1,0,0.255264155697921,0,0,1,1,right
4.51931757325377,0.029378012393849,4.32346415729478,1.24856552673858,4.11292173513886,0.029378012393849,3.75059291561472,1.85081478081249,0.029378012393849,0,1,-0.373140820922422,1,1,0.025772400503915,1,0,0,0,left
1.91446714099916,4.05416571035116,0.107719378777446,3.67225154923112,3.26585571111621,1.04781577538061,1.23877285594063,3.24137403412134,4.05416571035116,1,0,0.147148224716848,1,0,0.29111844157479,0,0,1,1,right
4.2206411139163,0.367225154923112,4.05906204575013,1.09677912937036,4.05906204575013,0.029378012393849,3.94644633157371,1.76268074363094,0.367225154923112,0,1,-0.310337062892754,1,0,-0.043592949146295,1,0,0,1,left
1.85571111621146,3.81424527580139,0.401499502715936,3.37847142529263,3.5988065182465,1.16043148955703,3.02103894116747,1.5374493152781,3.81424527580139,1,0,0.205867449394646,1,0,0.422262171666692,0,0,1,1,right
4.66131129982404,0.029378012393849,4.57807359804147,0.984163415193941,3.86320862979114,0.029378012393849,4.62214061663224,1.90467447020121,0.029378012393849,0,1,-0.243598425376188,1,1,0.083801053526287,1,0,0,0,left
1.76268074363094,4.48504322546094,4.33325682809272,1.88019279320633,1.48848596128835,3.75548925101369,4.26470813250708,1.50317496748527,4.48504322546094,0,0,-0.007147236103636,0,0,0.102618064042421,1,1,1,1,left
1.94874148879198,4.28918980950195,0.592456583275954,3.22668502792441,0.377017825721062,4.95509142376253,0.607145589472879,3.34909341289878,4.28918980950195,0,1,-0.391467101306949,0,1,-0.319616195971199,1,1,0,0,left
3.97582434396756,0.063652360186673,4.60255527503634,1.39055925330885,3.42743477928238,1.4591079488945,4.08354372274501,1.27304720373346,0.063652360186673,1,0,0.490967946420615,1,0,0.088599321536409,0,0,1,1,right
4.45076887766812,1.72840639583811,0.572871241680055,3.37357508989366,3.0161426057685,0.171371738964119,0.56797490628108,3.40295310228751,1.72840639583811,1,1,-0.40170669453668,1,1,0.135210924465651,0,0,0,0,left
1.99280850738276,3.28544105271211,4.01499502715936,1.99280850738276,3.19730701553056,0.029378012393849,4.15209241833066,1.16532782495601,3.28544105271211,0,0,0.096823181018276,1,0,0.443946802232535,1,0,1,1,right
1.91936347639813,4.20595210771938,1.04781577538061,3.07979496595517,0.543493229286206,4.95509142376253,0.935200061204192,3.30502639430801,4.20595210771938,0,1,-0.310579014601241,0,1,-0.28626293643337,1,1,0,0,left
3.10917297834902,1.67944304184837,3.79465993420549,1.94874148879198,1.86550378700941,3.56453217045368,3.85341595899319,1.62068701706067,1.67944304184837,1,0,0.248666817562548,0,0,0.007804760809305,0,1,1,1,right
1.96343049498891,4.18636676612348,3.89258664218499,1.94384515339301,1.83612577461556,4.95019508836355,1.27794353913243,3.14834366154082,4.18636676612348,0,0,-0.059575818258233,0,1,-0.493058793482129,1,1,1,0,left
3.97092800856859,0.328054471731314,4.79351235559636,1.25835819753653,4.3577385050876,1.24366919133961,3.93665366077576,1.19960217274883,0.328054471731314,1,0,0.429073812742382,1,0,-0.08582894181475,0,0,1,1,right
1.64027235865657,4.02968403335629,0.842169688623671,3.32461173590391,3.62328819524137,1.23387652054166,1.12615714176421,3.22178869252544,4.02968403335629,0,1,-0.270049986483023,1,1,-0.095495340117143,1,0,0,0,left
3.86320862979114,0.494529875296458,3.84851962359422,1.85571111621146,3.78976359880652,0.479840869099533,3.42743477928238,0.954785402800092,0.494529875296458,1,0,0.356441701476926,1,0,0.026023093217303,0,0,1,1,right
1.48358962588937,4.00030602096244,0.029378012393849,3.49108713946905,1.90957080560018,3.19241068013159,0.029378012393849,3.65266620763522,4.00030602096244,0,1,-0.362954476429138,0,1,-0.210788870217743,1,1,0,0,left
3.78976359880652,1.4591079488945,4.11781807053783,1.95363782419096,1.69902838344427,4.30877515109785,4.9012317343738,1.17022416035498,1.4591079488945,1,0,0.214054119234345,0,0,0.011108731710456,0,1,1,1,right
1.90467447020121,4.2598117971081,0.915614719608293,3.28054471731314,3.29033738811109,0.352536148726188,1.16043148955703,3.28544105271211,4.2598117971081,0,1,-0.314057249317667,1,1,0.119165297128982,1,0,0,0,left
4.06395838114911,0.029378012393849,4.09333639354296,1.67454670644939,1.38566291790988,4.08844005814398,1.19960217274883,3.01124627036952,0.029378012393849,1,0,0.418532849271825,0,1,-0.198896278385966,0,1,1,0,right
1.93894881799403,4.3773238466835,1.54234565067707,3.26585571111621,3.14344732614184,1.27304720373346,0.949889067401117,3.11896564914697,4.3773238466835,0,1,-0.246391370716325,1,1,-0.0509187420152,1,0,0,0,left
3.77507459260959,0.029378012393849,1.18001683115293,4.12271440593681,3.17772167393466,0.029378012393849,4.2010557723204,1.33180322852115,0.029378012393849,1,1,0.490613892289008,1,0,0.478939478571924,0,0,0,1,right
1.74799173743401,4.01009869176039,1.18491316655191,3.22178869252544,1.3024252161273,4.95509142376253,0.029378012393849,4.14229974753271,4.01009869176039,0,1,-0.212727804763302,0,1,-0.782726662499722,1,1,0,0,left
1.74309540203504,3.68694055542805,0.367225154923112,3.85831229439217,3.51556881646393,0.15178639736822,4.42628720067325,1.90957080560018,3.68694055542805,0,1,-0.403684605694791,1,0,0.414804305834495,1,0,0,1,right
1.82633310381761,4.01499502715936,1.43462627189963,3.10917297834902,1.45421161349552,4.95019508836355,1.31221788692525,3.13365465534389,4.01499502715936,0,1,-0.194712647669775,0,1,-0.396620829092396,1,1,0,0,left
1.75288807283299,4.30877515109785,4.94529875296458,1.16043148955703,1.76268074363094,3.99051335016449,4.48993956085992,1.557034656874,4.30877515109785,0,0,0.008138711880004,0,0,0.051290374998021,1,1,1,1,right
4.10802539973988,1.64027235865657,0.695279626654426,3.13365465534389,0.347639813327213,4.9599877591615,1.14084614796114,3.11406931374799,1.64027235865657,1,1,-0.323033544509782,0,1,-0.22073222844895,0,1,0,0,left
1.92425981179711,3.82403794659934,4.02478769795731,1.80185142682274,3.00634993497055,0.029378012393849,1.40524825950578,3.05041695356132,3.82403794659934,0,0,0.016350619291468,1,1,0.223177360524127,1,0,1,0,right
4.11292173513886,1.57172366307092,1.46890061969245,3.44212378547931,1.62558335245964,4.95019508836355,0.935200061204192,3.00145359957157,1.57172366307092,1,1,-0.150131843045276,0,1,-0.553149451829896,0,1,0,0,left
4.27450080330503,0.029378012393849,3.7359039094178,1.91446714099916,1.4786932904904,3.68694055542805,1.14084614796114,3.02103894116747,0.029378012393849,1,0,0.319115327952605,0,1,-0.147584648379891,0,1,1,0,right
4.11781807053783,1.04781577538061,1.04781577538061,3.25606304031826,1.93405248259506,4.95509142376253,0.856858694820595,3.17772167393466,1.04781577538061,1,1,-0.161295950645207,0,1,-0.367455127314523,0,1,0,0,left
3.05041695356132,0.029378012393849,4.2206411139163,1.58641266926785,3.17772167393466,0.254609440746691,4.30387881569888,1.12615714176421,0.029378012393849,1,0,0.510471996268339,1,0,0.396968752056093,0,0,1,1,right
1.91936347639813,3.85831229439217,1.28283987453141,3.29033738811109,3.42253844388341,1.14574248336011,4.94529875296458,0.827480682426746,3.85831229439217,0,1,-0.213744643439211,1,0,0.252183575604282,1,0,0,1,left
1.96343049498891,3.31971540050493,3.33440440670186,1.78716242062581,3.87789763598807,1.18491316655191,4.06885471654808,1.25346186213756,3.31971540050493,0,0,-0.03906622962623,1,0,0.065207729395247,1,0,1,1,right
1.92915614719608,3.76038558641267,1.20939484354678,3.10917297834902,3.45681279167623,0.675694285058527,0.832377017825721,3.14834366154082,3.76038558641267,0,1,-0.214057912146045,1,1,-0.024289704090418,1,0,0,0,left
3.87300130058909,0.254609440746691,3.94154999617474,1.95363782419096,1.83612577461556,3.71142223242292,4.08844005814398,1.67454670644939,0.254609440746691,1,0,0.489847688481189,0,0,0.044306929843158,0,1,1,1,right
1.5374493152781,4.44587254226915,1.99280850738276,3.02593527656644,1.13105347716319,4.95509142376253,4.95509142376253,1.52276030908117,4.44587254226915,0,1,-0.157602240467789,0,0,0.106267466038456,1,1,0,1,left
3.42253844388341,1.51296763828322,1.72351006043914,3.03572794736439,4.00030602096244,1.20939484354678,4.3381531634917,1.23387652054166,1.51296763828322,1,1,-0.035866760331142,1,0,0.067313833185719,0,0,0,1,right
1.91936347639813,4.02968403335629,0.690383291255451,3.10917297834902,0.225231428352842,4.9599877591615,1.17022416035498,3.11896564914697,4.02968403335629,0,1,-0.327715993852154,0,1,-0.194438856501173,1,1,0,0,left
3.44702012087828,1.20449850814781,3.87300130058909,1.3807665825109,3.90237931298294,1.02823043378471,4.40180552367837,1.18491316655191,1.20449850814781,1,0,0.159976135171429,1,0,0.163998594887141,0,0,1,1,right
1.97811950118583,4.26960446790605,0.636523601866728,3.42253844388341,3.29033738811109,0.621834595669803,0.029378012393849,3.39805676688853,4.26960446790605,0,1,-0.341219371173605,1,1,-0.079449062499977,1,0,0,0,left
3.34419707749981,0.372121490322087,4.09333639354296,1.20449850814781,3.07979496595517,0.161579068166169,3.06510595975824,1.96343049498891,0.372121490322087,1,0,0.395155187844985,1,0,0.252945318945066,0,0,1,1,right
1.79695509142376,4.15698875372963,0.930303725805218,3.16792900313671,3.06510595975824,0.509218881493382,4.83757937418713,0.998852421390865,4.15698875372963,0,1,-0.30096506894605,1,0,0.475057639857833,1,0,0,1,left
3.74080024481677,0.621834595669803,4.14719608293168,1.41014459490475,3.39805676688853,0.680590620457501,4.40670185907735,1.29752888072833,0.621834595669803,1,0,0.318949500829483,1,0,0.433964613305251,0,0,1,1,right
4.42628720067325,1.59620534006579,0.636523601866728,3.37357508989366,3.09938030755107,0.337847142529263,0.940096396603167,3.31971540050493,1.59620534006579,1,1,-0.361959937889051,1,1,0.114135601978147,0,0,0,0,left
1.48848596128835,4.71027465381379,4.13250707673476,1.65496136485349,3.77997092800857,0.572871241680055,1.67454670644939,3.01124627036952,4.71027465381379,0,0,-0.089018631721983,1,1,0.052516965373467,1,0,1,0,right
1.67944304184837,3.73100757401882,4.57807359804147,1.3807665825109,4.13740341213373,1.50317496748527,4.50462856705684,0.989059750592916,3.73100757401882,0,0,0.116498815858487,1,0,-0.026745745825762,1,0,1,1,right
1.77247341442889,4.51931757325377,1.19960217274883,3.18751434473261,1.3807665825109,4.94529875296458,1.39545558870783,3.13855099074287,4.51931757325377,0,1,-0.31297420946948,0,1,-0.410197539756973,1,1,0,0,left
4.01499502715936,0.083237701782572,4.2598117971081,0.989059750592916,1.77247341442889,4.53890291484967,4.15698875372963,1.22408384974371,0.083237701782572,1,0,0.272307824430161,0,0,-0.158565976250061,0,1,1,1,right
1.78716242062581,4.44587254226915,1.08698645857241,3.29523372351006,0.881340371815469,4.95509142376253,0.763828322240073,3.22668502792441,4.44587254226915,0,1,-0.288558607499389,0,1,-0.393606787228695,1,1,0,0,left
1.91936347639813,3.37847142529263,4.09333639354296,1.62068701706067,1.13105347716319,4.04926937495218,4.40180552367837,1.32690689312218,3.37847142529263,0,0,0.074074857461401,0,0,0.096262645246625,1,1,1,1,right
1.86060745161044,4.40180552367837,1.28283987453141,3.20220335092954,3.25116670491929,0.665901614260577,4.16678142452758,1.23877285594063,4.40180552367837,0,1,-0.307690941411495,1,0,0.293413608104545,1,0,0,1,left
3.33440440670186,1.00374875678984,3.56942850585265,1.43462627189963,1.92915614719608,3.20709968632851,4.30387881569888,1.32690689312218,1.00374875678984,1,0,0.163974100154146,0,0,0.094474371511447,0,1,1,1,right
1.65496136485349,4.50952490245582,1.33669956392013,3.25606304031826,3.16303266773774,0.749139316043149,0.979267079794966,3.05531328896029,4.50952490245582,0,1,-0.260216069684387,1,1,0.01772331575303,1,0,0,0,left
3.85831229439217,0.063652360186673,3.89258664218499,1.68923571264632,3.30013005890904,0.925407390406243,1.01843776298676,3.25116670491929,0.063652360186673,1,0,0.400556605919521,1,1,0.008050405012492,0,0,1,0,right
3.86320862979114,0.935200061204192,0.979267079794966,3.95134266697269,3.11406931374799,0.063652360186673,1.57172366307092,3.15813633233877,0.935200061204192,1,1,0.025868638328915,1,1,0.235309059345547,0,0,0,0,left
3.42253844388341,0.391706831917986,3.56942850585265,1.99770484278173,1.84591844541351,3.39805676688853,4.54869558564762,0.969474408997016,0.391706831917986,1,0,0.422541223416304,0,0,0.054715470749287,0,1,1,1,right
1.84102211001454,3.83872695279627,1.20449850814781,3.4617091270752,3.05531328896029,0.249713105347716,4.95509142376253,1.90467447020121,3.83872695279627,0,1,-0.173015555967767,1,0,0.784382553793727,1,0,0,1,left
4.3969091882794,0.029378012393849,3.52536148726188,1.44931527809655,1.99280850738276,4.48993956085992,1.36607757631398,3.02103894116747,0.029378012393849,1,0,0.132299667824289,0,1,-0.311522744620566,0,1,1,0,right
1.78716242062581,4.28429347410298,1.18001683115293,3.38336776069161,3.18751434473261,0.029378012393849,1.41014459490475,3.24627036952031,4.28429347410298,0,1,-0.246395094697666,1,1,0.201754832969973,1,0,0,0,left
3.15813633233877,1.61579068166169,1.557034656874,3.34419707749981,4.14719608293168,1.24366919133961,0.954785402800092,3.24137403412134,1.61579068166169,1,1,0.025794583966698,1,1,-0.175253191407756,0,0,0,0,right
1.65496136485349,3.66245887843317,1.22408384974371,3.42743477928238,3.37357508989366,0.440670185907735,4.95509142376253,1.91446714099916,3.66245887843317,0,1,-0.110776327791871,1,0,0.631221763489437,1,0,0,1,left
3.14344732614184,1.87529645780736,4.56338459184454,1.88508912860531,3.81424527580139,0.670797949659552,1.3024252161273,3.07979496595517,1.87529645780736,1,0,0.214019058521755,1,1,-0.015949371539877,0,0,1,0,right
1.58641266926785,3.90237931298294,1.86550378700941,3.30992272970698,3.07000229515722,0.396603167316961,0.411292173513886,3.27564838191416,3.90237931298294,0,1,-0.050449387619745,1,1,0.043201679768865,1,0,0,0,left
3.22668502792441,0.612041924871854,3.02103894116747,1.99770484278173,0.063652360186673,4.95019508836355,3.10917297834902,1.89488179940326,0.612041924871854,1,0,0.209241369242974,0,0,-0.0017110473457,0,1,1,1,right
1.62558335245964,3.84362328819524,1.19960217274883,3.21689235712646,1.90957080560018,3.76528192181164,1.20939484354678,3.43233111468136,3.84362328819524,0,1,-0.191685567262218,0,1,-0.144767288796141,1,1,0,0,left
3.12386198454594,0.039170683191799,3.41274577308546,1.36607757631398,3.30013005890904,0.479840869099533,4.19126310152245,1.78716242062581,0.039170683191799,1,0,0.321815540028961,1,0,0.394999570688211,0,0,1,1,right
1.78226608522684,3.74569658021574,1.13594981256216,3.14834366154082,1.13594981256216,4.95509142376253,1.27794353913243,3.21199602172749,3.74569658021574,0,1,-0.206106399397037,0,1,-0.38594664682282,1,1,0,0,left
3.41274577308546,1.83612577461556,4.32836049269375,1.88508912860531,1.44441894269758,4.17167775992655,0.680590620457501,3.48619080407008,1.83612577461556,1,0,0.159682511340713,0,1,-0.253183937628754,0,1,1,0,right
1.54234565067707,3.87300130058909,0.690383291255451,3.5204651518629,3.30992272970698,1.01354142758779,4.14229974753271,1.29752888072833,3.87300130058909,0,1,-0.180894905138871,1,0,0.21266082348663,1,0,0,1,left
1.69413204804529,3.44702012087828,3.46660546247418,1.52276030908117,0.925407390406243,3.24627036952031,0.925407390406243,3.24627036952031,3.44702012087828,0,0,-0.054029550131087,0,1,0,1,1,1,0,left
3.04552061816234,1.98791217198378,1.94874148879198,3.35888608369673,1.40524825950578,3.31971540050493,3.97582434396756,1.00374875678984,1.98791217198378,1,1,0.070198825842223,0,0,0.053426312798459,0,1,0,1,left
1.69902838344427,3.58901384744855,1.06250478157754,3.42743477928238,3.60370285364547,0.264402111544641,1.07229745237549,3.33930074210083,3.58901384744855,0,1,-0.143973066072108,1,1,0.099439077806977,1,0,0,0,right
3.50577614566598,0.029378012393849,3.51556881646393,1.79695509142376,3.07000229515722,0.323158136332339,3.99540968556346,1.95363782419096,0.029378012393849,1,0,0.483404674249886,1,0,0.389201009522083,0,0,1,1,left
1.82143676841864,3.67225154923112,1.28773620993038,3.27075204651519,3.24137403412134,0.044067018590774,1.14084614796114,3.10427664295004,3.67225154923112,0,1,-0.166108415449643,1,1,0.180479865228056,1,0,0,0,right
1.94384515339301,4.15209241833066,4.53400657945069,1.99770484278173,3.50577614566598,0.029378012393849,4.84247570958611,1.41504093030373,4.15209241833066,0,0,0.079589787294303,1,0,0.682201419712903,1,0,1,1,left
1.92425981179711,3.77017825721062,1.50317496748527,3.35888608369673,3.07489863055619,0.15178639736822,4.95509142376253,0.856858694820595,3.77017825721062,0,1,-0.145529865165348,1,0,0.892492214599557,1,0,0,1,right
3.05041695356132,1.62068701706067,1.60110167546477,3.76038558641267,3.06020962435927,0.690383291255451,4.88654272817688,0.920511055007268,1.62068701706067,1,1,0.176360686580301,1,0,0.570773136600598,0,0,0,1,left
1.84102211001454,3.72611123861985,1.5766199984699,3.36867875449468,0.230127763751817,4.9599877591615,0.523907887690307,3.51067248106495,3.72611123861985,0,1,-0.102936828449557,0,1,-0.396750345469675,1,1,0,0,right
3.66245887843317,0.504322546094407,3.13365465534389,1.51296763828322,3.16792900313671,1.98791217198378,3.32461173590391,1.39055925330885,0.504322546094407,1,0,0.11147068171677,1,0,-0.093788363464655,0,0,1,1,left
1.86550378700941,3.73100757401882,1.64516869405554,3.53515415805983,3.16792900313671,0.024481676994874,0.029378012393849,3.6379772014383,3.73100757401882,0,1,-0.068217632234631,1,1,0.110453816791764,1,0,0,0,right
3.4812944686711,0.362328819524137,3.84362328819524,1.80674776222171,3.04062428276337,1.61089434626272,3.00145359957157,3.00145359957157,0.362328819524137,1,0,0.372926654302668,1,1,0.218812151723102,0,0,1,1,left
1.81654043301966,3.77997092800857,1.48358962588937,3.62818453064035,3.16303266773774,0.244816769948741,4.94529875296458,0.029378012393849,3.77997092800857,0,1,-0.080247561109089,1,0,0.415212921457692,1,0,0,1,right
4.4360798714712,0.029378012393849,4.12761074133578,1.5766199984699,3.04062428276337,0.186060745161044,1.46890061969245,3.14344732614184,0.029378012393849,1,0,0.293303697591618,1,1,0.224366828206118,0,0,1,0,left
3.94644633157371,1.17512049575396,1.72351006043914,3.35398974829776,3.08469130135414,0.259505776145666,4.94529875296458,0.029378012393849,1.17512049575396,1,1,-0.007474373246647,1,0,0.53326138761594,0,0,0,1,right
3.30992272970698,0.56797490628108,3.59391018284752,1.93894881799403,1.76757707902991,3.29033738811109,1.06250478157754,3.07489863055619,0.56797490628108,1,0,0.39069822223702,0,1,-0.143041403987551,0,1,1,0,right
1.98791217198378,3.66245887843317,0.989059750592916,3.18751434473261,3.07000229515722,0.210542422155918,0.969474408997016,3.39805676688853,3.66245887843317,0,1,-0.243598129349638,1,1,0.192060383020123,1,0,0,0,left
